evolution rate,arithmetic mean length lived,arithmetic mean species population time
0.051,3500.0,120847.0
0.052,1474.0,48296.333333333336
0.053,1761.0,78652.0
0.054,1967.5,101710.0
0.055,1825.0,25409.5
0.056,3500.0,106472.33333333333
0.057,617.0,17189.5
0.058,3500.0,52353.0
0.062,1109.5,33937.0
0.063,1612.0,73984.75
0.064,108.0,430.0
0.065,2450.5,100491.0
0.066,2250.5,41068.5
0.067,1238.0,99906.0
0.068,2278.3333333333335,120860.66666666667
0.069,3500.0,70526.0
0.07,2309.0,144277.5
0.072,95.0,106.0
0.073,3500.0,186371.0
0.074,457.0,49802.0
0.076,1338.0,78321.33333333333
0.077,3500.0,223296.0
0.078,3500.0,136796.0
0.079,773.0,47702.0
0.08,2373.5,69752.5
0.081,129.5,177.5
0.082,1180.0,38415.5
0.083,1387.6666666666667,45227.666666666664
0.084,95.5,100.5
0.086,1791.0,111084.0
0.088,1850.5,105776.0
0.089,2136.25,62939.5
0.09,615.0,3461.0
0.091,837.0,37454.0
0.092,1774.5,39012.5
0.093,1164.25,65269.5
0.095,2561.3333333333335,83062.0
0.096,1869.5,40180.5
0.097,2265.5,164808.0
0.098,3500.0,174337.0
0.099,2535.5,152881.5
0.1,476.5,16138.0
0.102,1245.0,29277.333333333332
0.103,2843.6666666666665,154135.33333333334
0.105,3500.0,174148.0
0.106,1939.5,110830.0
0.107,2160.0,69556.33333333333
0.108,2049.0,45439.0
0.11,738.0,42347.5
0.111,1788.0,114596.0
0.112,775.0,70740.5
0.113,127.0,1549.0
0.114,143.0,314.0
0.115,3500.0,245020.0
0.116,3500.0,90889.5
0.117,2561.0,147903.0
0.118,66.0,657.0
0.119,558.5,18255.5
0.12,3500.0,119582.0
0.123,1051.0,15299.0
0.124,3500.0,138562.0
0.125,560.0,17600.0
0.126,3500.0,101428.5
0.127,2541.0,166442.5
0.128,2651.75,95814.25
0.129,1053.0,48543.0
0.132,77.0,1088.0
0.133,1668.0,104409.6
0.135,1821.0,74596.5
0.136,3500.0,135161.0
0.137,1822.0,122774.5
0.139,3500.0,154647.0
0.141,1401.0,64081.0
0.142,3500.0,154934.0
0.143,3500.0,228633.0
0.144,100.5,125.5
0.145,3126.1666666666665,130794.33333333333
0.146,2810.2,129522.8
0.148,2159.6,82658.2
0.149,3500.0,137103.5
0.15,2774.0,145903.75
0.151,465.0,8197.333333333334
0.152,1414.6666666666667,58460.666666666664
0.153,3500.0,98684.0
0.154,3500.0,77749.0
0.155,343.0,8910.5
0.156,1522.4,60875.8
0.157,3500.0,163668.5
0.158,3500.0,174001.33333333334
0.159,3500.0,178913.0
0.162,2063.285714285714,70051.14285714286
0.163,2359.6666666666665,113358.66666666667
0.165,3500.0,180194.5
0.166,44.0,45.0
0.169,787.5,13114.5
0.17,3500.0,215412.0
0.171,2188.0,139780.5
0.172,3500.0,132980.0
0.173,208.33333333333334,1280.0
0.175,2819.8,130328.8
0.176,242.0,2742.0
0.177,3500.0,138461.0
0.178,2379.6666666666665,60062.333333333336
0.179,3500.0,161287.0
0.181,3500.0,200796.5
0.182,2488.3333333333335,139888.66666666666
0.183,3500.0,165554.33333333334
0.184,3500.0,194959.0
0.185,3500.0,87418.0
0.186,632.0,20370.666666666668
0.187,2416.3333333333335,97871.33333333333
0.188,3114.5,165180.83333333334
0.19,1801.3333333333333,48173.333333333336
0.191,98.0,134.0
0.193,107.0,1560.0
0.194,478.0,6695.5
0.197,3500.0,255644.0
0.199,3500.0,99932.66666666667
0.2,2660.75,154563.5
0.201,2060.0,88283.75
0.202,2907.6666666666665,78506.0
0.203,3500.0,160646.5
0.205,3500.0,269046.0
0.206,3500.0,163740.0
0.207,3500.0,147099.0
0.208,2809.6666666666665,164189.66666666666
0.209,3500.0,217614.0
0.21,3500.0,196267.0
0.211,3500.0,68843.0
0.213,1299.0,26884.0
0.214,3500.0,92458.0
0.215,3500.0,193569.0
0.216,2354.3333333333335,96610.66666666667
0.219,1801.0,43536.5
0.221,3188.3333333333335,132488.83333333334
0.222,2557.5,92282.0
0.223,2923.3333333333335,102821.5
0.224,2380.6666666666665,65627.33333333333
0.227,3500.0,110468.0
0.228,2453.75,76889.25
0.229,3500.0,154498.0
0.23,2374.5,113717.0
0.231,2727.3333333333335,133536.33333333334
0.232,74.0,87.0
0.233,3500.0,109934.5
0.234,1821.0,37345.25
0.235,3500.0,91261.0
0.236,3500.0,176592.0
0.237,80.0,132.0
0.238,3500.0,146223.0
0.239,3500.0,222765.0
0.24,2955.0,120530.0
0.241,1794.5,106626.0
0.242,547.0,8075.0
0.243,2043.5,83887.0
0.244,2289.5,42153.0
0.245,2040.5,61174.0
0.246,2116.0,44085.0
0.247,129.0,225.5
0.248,652.0,3885.0
0.249,3500.0,125211.75
0.25,3500.0,124302.0
0.252,3015.714285714286,108786.28571428571
0.253,547.0,16142.0
0.254,3019.3333333333335,126409.66666666667
0.255,2675.5,77172.0
0.257,2653.25,97516.75
0.258,1127.0,34404.333333333336
0.259,1578.0,102753.0
0.26,2767.0,139019.66666666666
0.261,3500.0,48554.0
0.262,87.0,146.0
0.263,867.1666666666666,47784.0
0.264,1980.3333333333333,43366.333333333336
0.265,2154.6666666666665,105672.66666666667
0.266,89.0,827.0
0.267,2492.6666666666665,74087.33333333333
0.268,3500.0,173939.0
0.269,1245.6666666666667,71430.66666666667
0.27,99.0,101.0
0.271,3500.0,149792.0
0.272,85.0,87.0
0.273,3500.0,59056.0
0.274,3500.0,110467.0
0.275,1049.0,28072.0
0.276,1856.0,52502.0
0.277,3500.0,94545.0
0.279,1661.0,67408.0
0.281,799.5,52298.5
0.282,1799.0,57434.0
0.283,1355.0,38303.5
0.284,3500.0,174747.5
0.285,3500.0,195210.0
0.286,100.0,116.0
0.287,2499.5,103403.5
0.288,145.5,351.5
0.29,1771.0,40404.0
0.291,3500.0,157202.0
0.292,3500.0,259923.0
0.296,3500.0,176389.0
0.297,3500.0,118170.0
0.299,355.5,5724.0
0.301,3500.0,151439.0
0.302,3500.0,205086.0
0.304,92.0,106.0
0.307,3500.0,240944.0
0.308,593.5,14054.0
0.309,626.0,7486.0
0.31,599.5,29008.5
0.311,3500.0,77948.0
0.312,2489.6666666666665,98680.33333333333
0.313,442.0,5194.0
0.314,1964.5,87056.5
0.315,262.0,1358.0
0.316,1835.5,115013.0
0.319,92.0,95.0
0.322,2441.0,86117.5
0.324,3500.0,80556.0
0.325,1215.6666666666667,74292.33333333333
0.326,718.0,24891.0
0.328,1806.5,103124.0
0.33,3500.0,92765.0
0.332,1874.5,76719.0
0.334,801.0,41630.0
0.336,3500.0,175435.0
0.337,249.0,914.0
0.338,1147.0,39259.5
0.34,3500.0,62686.0
0.341,3500.0,147841.0
0.342,924.0,53699.5
0.343,1234.0,36060.0
0.344,153.5,1298.0
0.347,3500.0,100082.0
0.348,144.0,419.0
0.349,201.0,1741.0
0.35,103.0,105.0
0.352,1750.5,45209.5
0.353,724.0,37675.5
0.354,56.0,95.0
0.355,3500.0,152142.0
0.358,3500.0,150901.0
0.361,3500.0,158424.5
0.362,53.0,56.0
0.363,283.0,3936.0
0.364,199.0,2573.0
0.366,1309.3333333333333,34596.0
0.368,43.0,58.0
0.37,505.0,21632.0
0.371,229.0,4943.0
0.374,102.0,845.0
0.375,113.0,114.0
0.378,3500.0,186789.0
0.38,552.0,11973.0
0.381,898.5,15995.0
0.382,100.0,105.0
0.383,1012.0,17626.0
0.384,223.0,2396.0
0.386,90.0,94.0
0.387,372.6666666666667,4022.6666666666665
0.388,1049.0,36695.0
0.394,129.0,2507.0
