timestamp,interval_seconds
1774610356.260482,0.587842
1774610356.756981,0.496643
1774610357.434976,0.678004
1774610357.769394,0.334418
1774610358.409185,0.639780
1774610358.616541,0.207362
1774610359.329571,0.713033
1774610359.989914,0.660338
1774610360.796938,0.807032
1774610361.154013,0.357074
1774610362.153618,0.999586
1774610363.170166,1.016559
1774610364.336143,1.165971
1774610364.920871,0.584737
1774610365.695139,0.774252
1774610366.667333,0.972211
1774610367.763267,1.095928
1774610368.756623,0.993342
1774610369.932622,1.176010
1774610370.516154,0.583540
1774610370.935122,0.418968
1774610371.904196,0.969070
1774610372.795120,0.890904
1774610373.549322,0.754226
1774610373.907374,0.358057
1774610374.807779,0.900402
1774610375.560326,0.752548
1774610376.566731,1.006406
1774610377.452866,0.886116
1774610378.471878,1.019025
1774610379.051682,0.579809
1774610379.922725,0.871042
1774610380.758782,0.836056
1774610382.109767,1.350984
1774610383.218288,1.108519
1774610384.281643,1.063342
1774610384.765592,0.483965
1774610385.799075,1.033485
1774610386.536822,0.737743
1774610387.294387,0.757563
1774610388.373390,1.079002
1774610389.628098,1.254710
1774610390.714481,1.086384
1774610391.788655,1.074158
1774610393.390715,1.602075
1774610394.713256,1.322537
1774610396.097103,1.383847
1774610397.153337,1.056234
1774610398.408642,1.255303
1774610399.402077,0.993440
1774610400.338444,0.936366
1774610400.825096,0.486652
1774610401.684600,0.859506
1774610401.872088,0.187495
1774610402.413435,0.541329
1774610402.956410,0.542990
1774610403.219973,0.263564
1774610404.480343,1.260368
1774610405.427998,0.947652
1774610406.658428,1.230435
1774610407.468514,0.810084
1774610408.920404,1.451887
1774610410.140036,1.219636
1774610410.978724,0.838686
1774610411.631660,0.652943
1774610412.492912,0.861252
1774610413.052134,0.559219
1774610414.035537,0.983400
1774610414.862235,0.826703
1774610416.074835,1.212577
1774610417.229897,1.155082
1774610418.501969,1.272073
1774610419.048869,0.546897
1774610419.847871,0.798999
1774610420.841518,0.993648
1774610421.982087,1.140570
1774610422.910207,0.928125
1774610423.616055,0.705843
1774610424.918036,1.301983
1774610425.939459,1.021422
1774610426.456456,0.517007
1774610426.653721,0.197265
1774610427.542562,0.888832
1774610428.087385,0.544823
1774610429.245564,1.158175
1774610430.517477,1.271912
1774610431.702917,1.185444
1774610432.854238,1.151323
1774610433.972312,1.118070
1774610434.671962,0.699639
1774610435.431014,0.759072
1774610435.583401,0.152390
1774610436.269485,0.686075
1774610436.619045,0.349567
1774610437.251935,0.632883
1774610437.875197,0.623269
1774610438.776227,0.901019
1774610439.436543,0.660322
1774610439.711425,0.274886
1774610440.422321,0.710896
1774610440.685266,0.262946
1774610440.845859,0.160595
1774610441.585445,0.739582
1774610442.128022,0.542573
1774610443.266207,1.138189
1774610444.045089,0.778883
1774610445.114154,1.069062
1774610446.605643,1.491490
1774610448.128412,1.522762
1774610449.274342,1.145931
1774610450.665144,1.390813
1774610451.138298,0.473149
1774610451.943871,0.805571
1774610452.904568,0.960702
1774610454.205617,1.301044
1774610455.060436,0.854817
1774610455.989559,0.929130
1774610457.106673,1.117111
1774610458.192775,1.086077
1774610458.827454,0.634707
1774610459.373363,0.545907
1774610460.014167,0.640805
1774610460.436545,0.422376
1774610461.225482,0.788942
1774610461.520858,0.295369
1774610462.355141,0.834284
1774610462.945583,0.590444
1774610464.000118,1.054529
1774610464.936925,0.936814
1774610465.855650,0.918723
1774610466.170549,0.314902
1774610466.933877,0.763330
1774610467.341142,0.407259
1774610468.097157,0.756015
1774610469.021378,0.924219
1774610469.989259,0.967878
1774610471.204871,1.215613
1774610472.091045,0.886175
1774610472.578333,0.487296
1774610472.967345,0.389005
1774610473.379007,0.411667
1774610473.624072,0.245066
1774610474.809022,1.184943
1774610475.670931,0.861914
1774610477.139642,1.468711
1774610478.658417,1.518775
1774610479.857360,1.198942
1774610480.483955,0.626598
1774610481.153437,0.669484
1774610481.325871,0.172436
1774610482.271021,0.945140
1774610482.886643,0.615625
1774610484.054156,1.167512
1774610484.988561,0.934407
1774610486.139198,1.150637
1774610486.823584,0.684382
1774610487.777474,0.953882
1774610488.641465,0.864000
1774610489.735101,1.093632
1774610490.882539,1.147440
1774610492.033396,1.150856
1774610492.911668,0.878276
1774610493.926011,1.014342
1774610494.742912,0.816903
1774610495.254034,0.511120
1774610496.291958,1.037923
1774610497.110693,0.818740
1774610497.963754,0.853065
1774610498.447073,0.483314
1774610499.487813,1.040740
1774610500.408340,0.920520
1774610501.660508,1.252172
1774610502.385849,0.725343
1774610503.194039,0.808191
1774610503.987829,0.793788
1774610504.855027,0.867202
1774610505.506507,0.651476
1774610506.438491,0.931987
1774610507.055169,0.616676
1774610507.856096,0.800925
1774610508.459806,0.603714
1774610509.437469,0.977660
1774610509.885284,0.447823
1774610510.162628,0.277338
1774610511.271601,1.108974
1774610512.480832,1.209228
1774610513.555563,1.074732
1774610514.315749,0.760186
1774610515.309303,0.993556
1774610515.696055,0.386752
1774610515.965527,0.269465
1774610516.249083,0.283560
1774610517.236742,0.987660
1774610517.791915,0.555172
1774610518.617676,0.825763
1774610519.048636,0.430968
1774610520.309818,1.261170
1774610521.055552,0.745735
1774610522.428887,1.373330
1774610523.633329,1.204447
1774610524.687722,1.054380
1774610525.543454,0.855746
1774610526.621717,1.078256
1774610527.313243,0.691512
1774610527.626756,0.313540
1774610528.330638,0.703881
1774610528.571017,0.240376
1774610529.522406,0.951393
1774610530.256050,0.733641
1774610531.001966,0.745913
1774610531.468026,0.466060
1774610532.439740,0.971707
1774610533.384725,0.944993
1774610534.493896,1.109175
1774610535.431516,0.937615
1774610536.352004,0.920493
1774610536.677968,0.325966
1774610537.465806,0.787838
1774610538.162325,0.696518
1774610538.943502,0.781172
1774610539.960118,1.016612
1774610541.450561,1.490443
1774610542.831823,1.381261
1774610544.027933,1.196106
1774610545.111647,1.083721
1774610545.882273,0.770624
1774610546.580275,0.698003
1774610547.048286,0.468013
1774610547.906076,0.857787
1774610548.403086,0.497007
1774610549.218397,0.815315
1774610550.041338,0.822946
1774610551.216847,1.175503
1774610551.924701,0.707855
1774610553.292951,1.368245
1774610554.221494,0.928551
1774610555.824015,1.602518
1774610557.050306,1.226288
1774610558.476625,1.426318
1774610559.622010,1.145387
1774610560.753542,1.131537
1774610561.314202,0.560658
1774610562.241971,0.927766
1774610563.276979,1.035008
1774610564.746786,1.469805
1774610565.474947,0.728169
1774610566.100551,0.625600
1774610567.067480,0.966935
1774610567.719085,0.651598
1774610568.758615,1.039532
1774610569.266262,0.507649
1774610570.157008,0.890745
1774610571.168307,1.011296
1774610572.180188,1.011887
1774610573.215952,1.035759
1774610574.460337,1.244385
1774610575.633267,1.172932
1774610576.797322,1.164053
1774610577.855979,1.058657
1774610579.250631,1.394635
1774610579.653665,0.403052
1774610580.336179,0.682512
1774610581.139018,0.802844
1774610582.090371,0.951354
1774610582.641267,0.550891
1774610583.438440,0.797168
1774610584.711499,1.273067
1774610585.749667,1.038168
1774610586.931049,1.181377
1774610588.166792,1.235741
1774610589.195866,1.029079
1774610589.780330,0.584469
1774610590.398922,0.618594
1774610590.576423,0.177505
1774610591.402010,0.825581
1774610592.502666,1.100649
1774610593.473418,0.970756
1774610594.412895,0.939476
1774610595.404896,0.992002
1774610595.897821,0.492928
1774610597.008401,1.110579
1774610598.218213,1.209809
1774610599.573258,1.355047
1774610600.213751,0.640490
1774610601.267387,1.053638
1774610602.187479,0.920093
1774610603.324001,1.136512
1774610604.129997,0.806004
1774610604.895740,0.765738
1774610605.490077,0.594350
1774610605.640532,0.150456
1774610606.495663,0.855122
1774610607.453721,0.958059
1774610608.717033,1.263309
1774610609.631976,0.914943
1774610610.535661,0.903686
1774610610.987274,0.451618
1774610611.624047,0.636779
1774610612.014851,0.390797
1774610613.071415,1.056566
1774610613.795589,0.724167
1774610614.778036,0.982450
1774610615.832597,1.054557
1774610616.951271,1.118679
1774610617.396059,0.444792
1774610618.322069,0.926002
1774610619.523791,1.201722
1774610620.053010,0.529217
1774610620.759290,0.706286
1774610621.252465,0.493178
1774610622.224996,0.972529
1774610622.559663,0.334667
1774610623.862056,1.302391
1774610624.833390,0.971334
1774610625.745551,0.912160
1774610626.480194,0.734643
1774610627.135479,0.655293
1774610627.475762,0.340275
1774610628.580919,1.105157
1774610629.482950,0.902029
1774610630.692950,1.210001
1774610631.323551,0.630605
1774610632.383214,1.059659
1774610633.264457,0.881237
1774610634.744227,1.479777
1774610635.119233,0.375011
1774610635.928361,0.809124
1774610636.675030,0.746665
1774610637.573613,0.898581
1774610638.789665,1.216035
1774610639.520329,0.730687
1774610640.137485,0.617159
1774610640.392735,0.255249
1774610641.340946,0.948209
1774610642.173654,0.832707
1774610642.864667,0.691012
1774610643.536709,0.672043
1774610644.646500,1.109792
1774610645.719437,1.072932
1774610646.993681,1.274250
1774610647.957382,0.963701
1774610648.916206,0.958822
1774610649.546417,0.630210
1774610650.704129,1.157713
1774610651.877507,1.173374
1774610653.209955,1.332448
1774610654.369406,1.159453
1774610655.485836,1.116432
1774610656.005903,0.520063
1774610656.769717,0.763810
1774610657.851614,1.081903
1774610659.020071,1.168457
1774610659.826666,0.806595
1774610660.324286,0.497624
1774610661.377351,1.053062
1774610662.395752,1.018402
1774610663.751143,1.355388
1774610664.913036,1.161899
1774610666.113620,1.200579
1774610666.788448,0.674830
1774610667.883754,1.095305
1774610668.698743,0.814986
1774610669.258865,0.560128
1774610669.558573,0.299709
1774610669.927651,0.369072
1774610670.813555,0.885909
1774610671.338641,0.525087
1774610672.144578,0.805933
1774610673.078583,0.934004
1774610674.343952,1.265368
1774610674.901343,0.557396
1774610675.371763,0.470413
1774610675.982359,0.610602
1774610676.308990,0.326627
1774610677.468493,1.159501
1774610678.356839,0.888349
1774610679.670163,1.313321
1774610681.090292,1.420132
1774610682.116333,1.026039
1774610682.436154,0.319829
1774610683.204614,0.768458
1774610683.916796,0.712183
1774610684.757639,0.840837
1774610685.909925,1.152288
1774610686.994811,1.084888
1774610687.421871,0.427061
1774610688.193182,0.771306
1774610689.094444,0.901265
1774610690.015869,0.921421
1774610690.220730,0.204867
1774610690.809040,0.588300
1774610691.277856,0.468826
1774610691.988568,0.710703
1774610692.851474,0.862909
1774610693.551010,0.699539
1774610694.725301,1.174294
1774610695.553048,0.827745
1774610696.696755,1.143706
1774610697.155276,0.458525
1774610697.879117,0.723838
1774610698.183397,0.304284
1774610699.124077,0.940656
1774610700.396428,1.272365
1774610701.900202,1.503776
1774610702.998447,1.098244
1774610704.031952,1.033506
1774610704.859157,0.827204
1774610705.831947,0.972790
1774610706.628444,0.796504
1774610707.395651,0.767205
1774610707.689614,0.293967
1774610708.315371,0.625749
1774610709.256100,0.940731
1774610709.943179,0.687079
1774610711.235032,1.291855
1774610712.465143,1.230109
1774610713.535702,1.070561
1774610714.324401,0.788691
1774610715.117097,0.792708
1774610715.500111,0.383016
1774610716.216998,0.716879
1774610716.600770,0.383776
1774610717.434108,0.833339
1774610717.818944,0.384832
1774610719.062772,1.243826
1774610720.199340,1.136566
1774610721.930174,1.730833
1774610722.979249,1.049076
1774610724.423778,1.444528
1774610725.645240,1.221464
1774610727.271727,1.626473
1774610727.832912,0.561205
1774610728.910342,1.077424
1774610729.406584,0.496246
1774610729.819097,0.412508
1774610730.769106,0.950012
1774610731.418858,0.649753
1774610732.361775,0.942920
1774610733.045880,0.684100
1774610733.652654,0.606782
1774610733.960789,0.308123
1774610735.079509,1.118723
1774610736.074243,0.994733
1774610736.967916,0.893676
1774610737.354764,0.386852
1774610738.124283,0.769516
1774610738.486879,0.362598
1774610739.177449,0.690571
1774610739.513384,0.335933
1774610740.171974,0.658588
1774610741.199398,1.027424
1774610742.347477,1.148079
1774610742.695377,0.347899
1774610743.389673,0.694290
1774610743.815635,0.425967
1774610744.361444,0.545807
1774610745.579162,1.217715
1774610746.660727,1.081567
1774610747.983567,1.322838
1774610748.868415,0.884857
1774610749.914479,1.046061
1774610751.062662,1.148180
1774610751.919818,0.857162
1774610752.304149,0.384331
1774610753.023172,0.719019
1774610754.099311,1.076142
1774610755.358827,1.259510
1774610755.975972,0.617145
1774610756.919866,0.943900
1774610758.172216,1.252345
1774610759.211354,1.039121
1774610759.820228,0.608891
1774610760.600409,0.780177
1774610761.682115,1.081709
1774610762.337694,0.655585
1774610763.513105,1.175408
1774610765.133824,1.620720
1774610766.362374,1.228548
1774610767.223868,0.861500
1774610768.353090,1.129210
1774610768.764695,0.411619
1774610769.133840,0.369136
1774610770.034839,0.900999
1774610770.654095,0.619260
1774610772.063998,1.409901
1774610773.337280,1.273278
1774610774.541743,1.204465
1774610775.525458,0.983712
1774610776.502403,0.976950
1774610777.124843,0.622443
1774610777.917559,0.792707
1774610778.881130,0.963573
1774610779.863005,0.981875
1774610780.725212,0.862211
1774610782.048679,1.323466
1774610782.770502,0.721821
1774610783.773230,1.002737
1774610784.034003,0.260770
1774610785.009619,0.975610
1774610786.187568,1.177951
1774610787.118698,0.931128
1774610787.855869,0.737177
1774610788.335758,0.479887
1774610788.982120,0.646363
1774610789.455770,0.473649
1774610790.187009,0.731240
1774610790.603357,0.416351
1774610791.383002,0.779642
1774610792.060156,0.677153
1774610792.757272,0.697116
1774610793.611235,0.853966
1774610794.670673,1.059430
1774610795.419220,0.748555
1774610796.341792,0.922565
1774610796.821965,0.480183
1774610798.014445,1.192470
1774610799.233322,1.218877
1774610800.605577,1.372254
1774610801.964125,1.358549
1774610803.687985,1.723859
1774610804.638042,0.950059
1774610805.678297,1.040251
1774610806.479112,0.800822
1774610807.226587,0.747476
1774610808.220214,0.993629
1774610808.903608,0.683385
1774610809.962844,1.059235
1774610810.804094,0.841254
1774610811.554606,0.750518
1774610812.030394,0.475784
1774610812.934096,0.903702
1774610813.317814,0.383718
1774610814.276247,0.958432
1774610815.495305,1.219054
1774610816.667304,1.172000
1774610817.698553,1.031249
1774610819.122228,1.423661
1774610819.939695,0.817480
1774610820.928325,0.988631
1774610821.549387,0.621069
1774610822.440035,0.890641
1774610822.890122,0.450097
1774610823.780555,0.890421
1774610824.970451,1.189905
1774610825.831042,0.860588
1774610826.850368,1.019329
1774610827.617742,0.767371
1774610828.203638,0.585899
1774610828.349940,0.146310
1774610829.391886,1.041938
1774610830.543047,1.151162
1774610831.762849,1.219798
1774610832.780769,1.017922
1774610833.840110,1.059341
1774610834.670465,0.830357
1774610835.651677,0.981211
1774610835.922457,0.270781
1774610836.665422,0.742962
1774610837.121797,0.456379
1774610838.097753,0.975950
1774610838.801510,0.703764
1774610840.153537,1.352017
1774610841.143061,0.989534
1774610842.319582,1.176513
1774610843.021155,0.701580
1774610843.603777,0.582624
1774610844.692202,1.088425
1774610845.491074,0.798869
1774610846.658956,1.167878
1774610847.639210,0.980259
1774610848.513238,0.874028
1774610849.263041,0.749802
1774610850.025514,0.762474
1774610850.410143,0.384631
1774610851.148106,0.737960
1774610851.691953,0.543844
1774610852.476553,0.784604
1774610852.942915,0.466366
1774610853.712611,0.769689
1774610854.192718,0.480113
1774610855.168435,0.975712
1774610855.593368,0.424938
1774610856.274736,0.681357
1774610856.931825,0.657095
1774610857.886503,0.954673
1774610858.727548,0.841049
1774610859.489309,0.761760
1774610860.480400,0.991095
1774610861.159678,0.679276
1774610862.122094,0.962415
1774610862.871239,0.749152
1774610863.848828,0.977585
1774610864.386327,0.537495
1774610865.530324,1.143997
1774610866.422107,0.891785
1774610867.298925,0.876819
1774610867.797879,0.498956
1774610868.574807,0.776927
1774610869.019261,0.444455
1774610869.807426,0.788164
1774610870.551289,0.743864
1774610871.398175,0.846881
1774610871.747928,0.349759
1774610872.439348,0.691413
1774610873.726811,1.287465
1774610875.419842,1.693023
1774610876.188877,0.769042
1774610876.594430,0.405560
1774610878.034497,1.440063
1774610879.007253,0.972737
1774610879.772664,0.765432
1774610879.990013,0.217344
1774610880.691184,0.701174
1774610881.165161,0.473978
1774610881.928803,0.763642
1774610882.570031,0.641227
1774610883.194078,0.624052
1774610883.705894,0.511815
1774610884.278001,0.572105
1774610884.651176,0.373176
1774610885.430835,0.779653
1774610886.407295,0.976458
1774610887.360828,0.953536
1774610888.376984,1.016155
1774610889.264478,0.887491
1774610890.521704,1.257229
1774610891.927881,1.406176
1774610892.539191,0.611314
1774610892.940047,0.400861
1774610893.711943,0.771895
1774610894.084343,0.372400
1774610894.779000,0.694655
1774610895.072628,0.293627
1774610895.705195,0.632569
1774610896.015649,0.310454
1774610896.776139,0.760486
1774610898.217071,1.440932
1774610899.508383,1.291321
1774610900.222229,0.713841
1774610901.055162,0.832934
1774610901.633986,0.578826
1774610902.345902,0.711912
1774610903.071119,0.725222
1774610904.093890,1.022769
1774610904.794399,0.700499
1774610905.594543,0.800149
1774610906.221986,0.627440
1774610906.903564,0.681577
1774610907.493525,0.589966
1774610907.954788,0.461262
1774610908.866890,0.912103
1774610909.363794,0.496902
1774610910.081049,0.717260
1774610910.290316,0.209271
1774610910.490890,0.200570
1774610910.989850,0.498949
1774610912.221809,1.231967
1774610913.009731,0.787915
1774610914.350172,1.340446
1774610915.014625,0.664451
1774610915.657707,0.643086
1774610916.092254,0.434549
1774610917.258213,1.165951
1774610918.585493,1.327278
1774610919.565780,0.980294
1774610920.504065,0.938282
1774610921.498890,0.994822
1774610922.457431,0.958543
1774610923.323926,0.866494
1774610924.032304,0.708382
1774610925.031420,0.999115
1774610925.868932,0.837513
1774610927.116501,1.247564
1774610928.065308,0.948806
1774610929.316326,1.251017
1774610930.309535,0.993209
1774610931.487486,1.177952
1774610931.923286,0.435809
1774610932.432784,0.509492
1774610933.465301,1.032517
1774610934.115366,0.650067
1774610935.080607,0.965239
1774610935.806020,0.725420
1774610936.686986,0.880968
1774610937.565573,0.878582
1774610938.725120,1.159541
1774610939.333925,0.608796
1774610940.355428,1.021513
1774610941.183961,0.828535
1774610941.867996,0.684039
1774610942.411418,0.543421
1774610943.296560,0.885142
1774610943.897560,0.600998
1774610944.930320,1.032757
1774610945.470302,0.539983
1774610946.710775,1.240472
1774610947.443787,0.733014
1774610949.031188,1.587402
1774610949.511550,0.480361
1774610949.851865,0.340318
1774610951.239204,1.387335
1774610952.357052,1.117849
1774610953.009581,0.652534
1774610953.404348,0.394763
1774610954.091039,0.686693
1774610954.506228,0.415188
1774610955.418527,0.912294
1774610956.221925,0.803399
1774610957.481617,1.259698
1774610958.427634,0.946016
1774610959.151586,0.723947
1774610959.769107,0.617525
1774610960.468140,0.699037
1774610960.793494,0.325354
1774610961.641340,0.847840
1774610962.342674,0.701341
1774610963.600827,1.258143
1774610964.586986,0.986161
1774610966.146694,1.559700
1774610966.926589,0.779903
1774610967.961545,1.034954
1774610969.352279,1.390733
1774610970.341876,0.989595
1774610971.313796,0.971922
1774610972.002091,0.688303
1774610973.398416,1.396321
1774610974.754524,1.356105
1774610975.523905,0.769387
1774610975.961740,0.437834
1774610976.748171,0.786427
1774610977.792040,1.043868
1774610978.623589,0.831555
1774610978.925893,0.302304
1774610979.612150,0.686256
1774610980.713938,1.101782
1774610981.666410,0.952471
1774610982.435981,0.769574
1774610983.830906,1.394922
1774610984.945310,1.114351
1774610986.212803,1.267545
1774610987.349584,1.136784
1774610988.387758,1.038172
1774610989.952757,1.564998
1774610991.272066,1.319306
1774610992.533316,1.261255
1774610993.384290,0.850973
1774610994.368614,0.984328
1774610995.250319,0.881702
1774610996.238086,0.987764
1774610996.933031,0.694947
1774610997.763719,0.830674
1774610998.731226,0.967520
1774610999.602615,0.871380
1774610999.770818,0.168223
1774611000.232800,0.461973
1774611000.787843,0.555043
1774611001.464949,0.677108
1774611002.276424,0.811469
1774611003.656078,1.379653
1774611004.037995,0.381922
1774611004.605605,0.567597
1774611005.354260,0.748669
1774611006.239004,0.884740
1774611007.298362,1.059361
1774611008.021653,0.723290
1774611009.256038,1.234385
1774611010.215302,0.959261
1774611011.260351,1.045051
1774611012.181893,0.921539
1774611013.375249,1.193358
1774611014.520114,1.144861
1774611015.488625,0.968518
1774611016.441692,0.953069
1774611017.227257,0.785561
1774611017.847861,0.620602
1774611018.836024,0.988166
1774611019.578031,0.742003
1774611020.230793,0.652770
1774611020.418366,0.187573
1774611021.130788,0.712414
1774611022.349486,1.218696
1774611024.020105,1.670617
1774611024.378330,0.358234
1774611024.825790,0.447462
1774611025.085825,0.260036
1774611025.516969,0.431146
1774611026.345504,0.828532
1774611027.249755,0.904250
1774611028.430891,1.181131
1774611029.258878,0.827989
1774611030.294927,1.036045
1774611030.779373,0.484454
1774611031.306993,0.527615
1774611032.386728,1.079737
1774611033.338679,0.951951
1774611034.168789,0.830113
1774611034.790122,0.621332
1774611036.153725,1.363603
1774611037.181806,1.028078
1774611037.981551,0.799745
1774611038.660740,0.679192
1774611039.411301,0.750561
1774611039.834882,0.423577
1774611040.551825,0.716946
1774611041.071365,0.519541
1774611042.235085,1.163719
1774611043.610500,1.375411
