evo rate,enviormentChangeRate,fitness
0.05,0.1,1376.4285714285713
0.051,0.1,367.46666666666664
0.052,0.1,359.12
0.053,0.1,236.975
0.054,0.1,307.2564102564103
0.055,0.1,222.20689655172413
0.056,0.1,332.0
0.057,0.1,217.3265306122449
0.058,0.1,218.46666666666667
0.059,0.1,391.09090909090907
0.06,0.1,352.14
0.061,0.1,248.2741935483871
0.062,0.1,275.40909090909093
0.063,0.1,264.25373134328356
0.064,0.1,303.5416666666667
0.065,0.1,263.67469879518075
0.066,0.1,204.81927710843374
0.067,0.1,243.63013698630138
0.068,0.1,299.2923076923077
0.069,0.1,197.7941176470588
0.07,0.1,234.9493670886076
0.071,0.1,195.24358974358975
0.072,0.1,215.7058823529412
0.073,0.1,192.18965517241378
0.074,0.1,223.68965517241378
0.075,0.1,315.0886075949367
0.076,0.1,233.98461538461538
0.077,0.1,277.47777777777776
0.078,0.1,300.70588235294116
0.079,0.1,225.96052631578948
0.08,0.1,295.6607142857143
0.081,0.1,261.8085106382979
0.082,0.1,250.17333333333335
0.083,0.1,235.54901960784315
0.084,0.1,233.96296296296296
0.085,0.1,299.9142857142857
0.086,0.1,263.3829787234043
0.087,0.1,338.05555555555554
0.088,0.1,282.9259259259259
0.089,0.1,258.9767441860465
0.09,0.1,256.1666666666667
0.091,0.1,290.8333333333333
0.092,0.1,305.48387096774195
0.093,0.1,279.3921568627451
0.094,0.1,326.3170731707317
0.095,0.1,368.4102564102564
0.096,0.1,316.1304347826087
0.097,0.1,229.02083333333334
0.098,0.1,284.45652173913044
0.099,0.1,369.57142857142856
0.1,0.1,251.6909090909091
0.101,0.1,325.1666666666667
0.102,0.1,289.18367346938777
0.103,0.1,252.21428571428572
0.104,0.1,250.73584905660377
0.105,0.1,231.59259259259258
0.106,0.1,266.15
0.107,0.1,291.86486486486484
0.108,0.1,283.05882352941177
0.109,0.1,232.8
0.11,0.1,293.3611111111111
0.111,0.1,238.48888888888888
0.112,0.1,260.1224489795918
0.113,0.1,190.73333333333332
0.114,0.1,233.5909090909091
0.115,0.1,284.25
0.116,0.1,332.64285714285717
0.117,0.1,241.82608695652175
0.118,0.1,278.6363636363636
0.119,0.1,262.85714285714283
0.12,0.1,358.7931034482759
0.121,0.1,183.31034482758622
0.122,0.1,301.9117647058824
0.123,0.1,320.85714285714283
0.124,0.1,302.48
0.125,0.1,343.37142857142857
0.126,0.1,272.7916666666667
0.127,0.1,291.0
0.128,0.1,304.5217391304348
0.129,0.1,493.40909090909093
0.13,0.1,239.78125
0.131,0.1,326.6
0.132,0.1,433.86206896551727
0.133,0.1,323.52
0.134,0.1,314.14814814814815
0.135,0.1,200.59375
0.136,0.1,236.17857142857142
0.137,0.1,251.6153846153846
0.138,0.1,371.94736842105266
0.139,0.1,365.75
0.14,0.1,245.52
0.141,0.1,270.7391304347826
0.142,0.1,176.08333333333334
0.143,0.1,254.62857142857143
0.144,0.1,282.9166666666667
0.145,0.1,336.8888888888889
0.146,0.1,341.3636363636364
0.147,0.1,190.95454545454547
0.148,0.1,268.4
0.149,0.1,316.75
0.15,0.1,327.0869565217391
0.151,0.1,318.125
0.152,0.1,245.24324324324326
0.153,0.1,362.16129032258067
0.154,0.1,260.3703703703704
0.155,0.1,215.1764705882353
0.156,0.1,287.1111111111111
0.157,0.1,346.4347826086956
0.158,0.1,217.96296296296296
0.159,0.1,491.7241379310345
0.16,0.1,333.62068965517244
0.161,0.1,309.57575757575756
0.162,0.1,412.04347826086956
0.163,0.1,219.21212121212122
0.164,0.1,332.96
0.165,0.1,295.9642857142857
0.166,0.1,286.21875
0.167,0.1,333.92857142857144
0.168,0.1,288.39130434782606
0.169,0.1,204.5142857142857
0.17,0.1,288.24242424242425
0.171,0.1,233.20833333333334
0.172,0.1,210.92307692307693
0.173,0.1,240.2962962962963
0.174,0.1,338.0
0.175,0.1,307.06666666666666
0.176,0.1,296.0
0.177,0.1,352.6666666666667
0.178,0.1,266.94736842105266
0.179,0.1,386.8636363636364
0.18,0.1,247.33333333333334
0.181,0.1,277.6190476190476
0.182,0.1,299.4166666666667
0.183,0.1,399.5625
0.184,0.1,222.0
0.185,0.1,345.58620689655174
0.186,0.1,279.21875
0.187,0.1,297.7826086956522
0.188,0.1,370.6842105263158
0.189,0.1,275.5263157894737
0.19,0.1,250.03846153846155
0.191,0.1,289.5652173913044
0.192,0.1,254.9090909090909
0.193,0.1,259.0
0.194,0.1,251.2
0.195,0.1,257.8
0.196,0.1,467.6190476190476
0.197,0.1,316.4782608695652
0.198,0.1,329.0
0.199,0.1,444.05555555555554
0.2,0.1,322.3666666666667
0.201,0.1,439.2
0.202,0.1,211.125
0.203,0.1,338.12
0.204,0.1,371.55555555555554
0.205,0.1,343.75
0.206,0.1,206.1904761904762
0.207,0.1,302.3181818181818
0.208,0.1,421.48
0.209,0.1,262.1904761904762
0.21,0.1,432.6818181818182
0.211,0.1,263.7142857142857
0.212,0.1,303.75
0.213,0.1,323.7
0.214,0.1,334.8421052631579
0.215,0.1,235.04166666666666
0.216,0.1,183.55
0.217,0.1,333.77777777777777
0.218,0.1,202.1
0.219,0.1,319.9
0.22,0.1,355.1304347826087
0.221,0.1,217.1818181818182
0.222,0.1,405.45
0.223,0.1,312.64285714285717
0.224,0.1,325.75
0.225,0.1,180.91304347826087
0.226,0.1,305.59090909090907
0.227,0.1,283.4761904761905
0.228,0.1,208.69565217391303
0.229,0.1,226.30769230769232
0.23,0.1,292.04761904761904
0.231,0.1,218.14285714285714
0.232,0.1,411.5
0.233,0.1,480.23809523809524
0.234,0.1,392.3
0.235,0.1,191.04545454545453
0.236,0.1,367.05882352941177
0.237,0.1,198.27777777777777
0.238,0.1,308.94444444444446
0.239,0.1,166.75
0.24,0.1,133.8095238095238
0.241,0.1,258.77272727272725
0.242,0.1,240.63636363636363
0.243,0.1,210.8
0.244,0.1,274.8333333333333
0.245,0.1,183.33333333333334
0.246,0.1,255.35294117647058
0.247,0.1,238.8
0.248,0.1,248.77777777777777
0.249,0.1,469.44444444444446
0.25,0.1,328.4166666666667
0.251,0.1,278.7
0.252,0.1,268.8666666666667
0.253,0.1,277.90909090909093
0.254,0.1,326.8888888888889
0.255,0.1,184.76470588235293
0.256,0.1,232.69565217391303
0.257,0.1,460.61538461538464
0.258,0.1,187.95454545454547
0.259,0.1,220.46153846153845
0.26,0.1,351.3333333333333
0.261,0.1,272.3333333333333
0.262,0.1,352.6842105263158
0.263,0.1,424.77777777777777
0.264,0.1,203.6
0.265,0.1,213.125
0.266,0.1,148.625
0.267,0.1,268.2857142857143
0.268,0.1,260.8666666666667
0.269,0.1,229.9090909090909
0.27,0.1,459.15384615384613
0.271,0.1,853.3333333333334
0.272,0.1,273.875
0.273,0.1,376.375
0.274,0.1,266.7
0.275,0.1,318.77777777777777
0.276,0.1,478.0
0.277,0.1,243.16666666666666
0.278,0.1,449.1818181818182
0.279,0.1,508.61538461538464
0.28,0.1,236.64705882352942
0.281,0.1,170.72727272727272
0.282,0.1,215.1
0.283,0.1,308.3125
0.284,0.1,382.375
0.285,0.1,181.15384615384616
0.286,0.1,178.54545454545453
0.287,0.1,289.22222222222223
0.288,0.1,286.2
0.289,0.1,384.8
0.29,0.1,156.66666666666666
0.291,0.1,275.92857142857144
0.292,0.1,303.3333333333333
0.293,0.1,356.3333333333333
0.294,0.1,381.0
0.295,0.1,191.9090909090909
0.296,0.1,200.07692307692307
0.297,0.1,419.1818181818182
0.298,0.1,108.0
0.299,0.1,404.14285714285717
0.3,0.1,394.6923076923077
0.301,0.1,178.55555555555554
0.302,0.1,321.125
0.303,0.1,293.0
0.304,0.1,308.53846153846155
0.305,0.1,422.2857142857143
0.306,0.1,221.2
0.307,0.1,143.0
0.308,0.1,400.8888888888889
0.309,0.1,242.25
0.31,0.1,277.1666666666667
0.311,0.1,247.55555555555554
0.312,0.1,395.0
0.313,0.1,221.83333333333334
0.314,0.1,351.6923076923077
0.315,0.1,457.875
0.316,0.1,534.8333333333334
0.317,0.1,676.0
0.318,0.1,199.125
0.319,0.1,247.88888888888889
0.32,0.1,295.2
0.321,0.1,221.84615384615384
0.322,0.1,128.33333333333334
0.323,0.1,235.5
0.324,0.1,219.25
0.325,0.1,204.375
0.326,0.1,369.8
0.327,0.1,266.22222222222223
0.328,0.1,465.1666666666667
0.329,0.1,306.6666666666667
0.33,0.1,200.6
0.331,0.1,165.0
0.332,0.1,597.8333333333334
0.333,0.1,141.2
0.334,0.1,265.3333333333333
0.335,0.1,107.66666666666667
0.336,0.1,386.7142857142857
0.337,0.1,123.14285714285714
0.338,0.1,105.8
0.339,0.1,185.42857142857142
0.34,0.1,203.0
0.341,0.1,1279.3333333333333
0.342,0.1,259.8
0.343,0.1,203.5
0.344,0.1,553.4
0.345,0.1,429.4
0.346,0.1,282.2
0.347,0.1,129.75
0.348,0.1,116.0
0.349,0.1,218.375
0.35,0.1,304.44444444444446
0.351,0.1,342.6
0.352,0.1,279.0
0.353,0.1,206.2
0.354,0.1,852.0
0.355,0.1,150.0
0.356,0.1,144.625
0.357,0.1,333.0
0.358,0.1,280.1818181818182
0.359,0.1,397.3333333333333
0.36,0.1,430.75
0.361,0.1,293.0
0.362,0.1,141.0
0.363,0.1,177.0
0.364,0.1,172.8
0.365,0.1,219.0
0.366,0.1,215.28571428571428
0.367,0.1,156.71428571428572
0.368,0.1,181.83333333333334
0.369,0.1,176.25
0.37,0.1,175.6
0.371,0.1,206.5
0.372,0.1,236.0
0.373,0.1,125.33333333333333
0.374,0.1,193.83333333333334
0.375,0.1,218.4
0.376,0.1,563.0
0.377,0.1,131.2
0.378,0.1,163.25
0.379,0.1,127.66666666666667
0.38,0.1,196.57142857142858
0.381,0.1,258.0
0.382,0.1,305.0
0.383,0.1,127.0
0.384,0.1,162.5
0.385,0.1,587.1666666666666
0.386,0.1,360.5
0.387,0.1,635.0
0.388,0.1,292.5
0.39,0.1,163.5
0.391,0.1,641.0
0.392,0.1,464.3333333333333
0.393,0.1,102.0
0.394,0.1,90.0
0.395,0.1,64.0
0.396,0.1,126.66666666666667
0.397,0.1,86.0
0.398,0.1,450.0
0.05,0.11,833.5384615384615
0.051,0.11,265.53333333333336
0.052,0.11,263.54545454545456
0.053,0.11,332.93548387096774
0.054,0.11,204.31034482758622
0.055,0.11,272.6388888888889
0.056,0.11,452.79245283018867
0.057,0.11,399.93333333333334
0.058,0.11,205.8139534883721
0.059,0.11,370.18367346938777
0.06,0.11,300.5777777777778
0.061,0.11,220.40425531914894
0.062,0.11,265.3488372093023
0.063,0.11,309.6923076923077
0.064,0.11,368.72222222222223
0.065,0.11,226.27027027027026
0.066,0.11,220.74647887323943
0.067,0.11,255.77272727272728
0.068,0.11,217.7076923076923
0.069,0.11,234.09782608695653
0.07,0.11,313.2542372881356
0.071,0.11,298.1777777777778
0.072,0.11,220.0
0.073,0.11,203.64705882352942
0.074,0.11,218.15277777777777
0.075,0.11,228.1829268292683
0.076,0.11,207.8181818181818
0.077,0.11,259.21794871794873
0.078,0.11,251.43939393939394
0.079,0.11,203.94805194805195
0.08,0.11,233.61016949152543
0.081,0.11,216.25
0.082,0.11,267.24590163934425
0.083,0.11,195.625
0.084,0.11,225.15714285714284
0.085,0.11,382.9516129032258
0.086,0.11,239.70833333333334
0.087,0.11,265.8529411764706
0.088,0.11,248.86153846153846
0.089,0.11,282.7931034482759
0.09,0.11,232.26530612244898
0.091,0.11,240.1153846153846
0.092,0.11,258.811320754717
0.093,0.11,311.015873015873
0.094,0.11,285.9166666666667
0.095,0.11,296.5238095238095
0.096,0.11,350.1864406779661
0.097,0.11,544.3181818181819
0.098,0.11,190.1764705882353
0.099,0.11,263.7413793103448
0.1,0.11,446.9347826086956
0.101,0.11,292.29411764705884
0.102,0.11,247.43859649122808
0.103,0.11,261.70212765957444
0.104,0.11,333.94827586206895
0.105,0.11,237.109375
0.106,0.11,274.2153846153846
0.107,0.11,223.76785714285714
0.108,0.11,228.42105263157896
0.109,0.11,292.35714285714283
0.11,0.11,251.3548387096774
0.111,0.11,223.13333333333333
0.112,0.11,371.02702702702703
0.113,0.11,249.1891891891892
0.114,0.11,220.8235294117647
0.115,0.11,243.0487804878049
0.116,0.11,265.2093023255814
0.117,0.11,300.04545454545456
0.118,0.11,212.0
0.119,0.11,256.65384615384613
0.12,0.11,344.6578947368421
0.121,0.11,241.04545454545453
0.122,0.11,196.72413793103448
0.123,0.11,338.4516129032258
0.124,0.11,270.6774193548387
0.125,0.11,334.2
0.126,0.11,254.3125
0.127,0.11,194.31578947368422
0.128,0.11,320.38461538461536
0.129,0.11,235.6551724137931
0.13,0.11,288.8095238095238
0.131,0.11,276.8333333333333
0.132,0.11,171.72727272727272
0.133,0.11,334.2
0.134,0.11,326.64
0.135,0.11,328.90909090909093
0.136,0.11,384.7878787878788
0.137,0.11,377.52941176470586
0.138,0.11,261.48
0.139,0.11,206.78787878787878
0.14,0.11,344.45
0.141,0.11,271.84
0.142,0.11,329.0833333333333
0.143,0.11,181.9090909090909
0.144,0.11,366.6666666666667
0.145,0.11,334.48
0.146,0.11,224.96666666666667
0.147,0.11,286.06060606060606
0.148,0.11,267.95
0.149,0.11,317.14814814814815
0.15,0.11,258.82758620689657
0.151,0.11,285.4
0.152,0.11,321.9230769230769
0.153,0.11,222.89655172413794
0.154,0.11,416.625
0.155,0.11,269.2903225806452
0.156,0.11,360.625
0.157,0.11,264.20588235294116
0.158,0.11,284.7826086956522
0.159,0.11,320.0
0.16,0.11,309.0
0.161,0.11,343.6666666666667
0.162,0.11,299.0769230769231
0.163,0.11,268.3529411764706
0.164,0.11,494.15384615384613
0.165,0.11,415.56410256410254
0.166,0.11,283.32142857142856
0.167,0.11,290.82142857142856
0.168,0.11,334.9117647058824
0.169,0.11,318.2
0.17,0.11,308.1794871794872
0.171,0.11,288.3225806451613
0.172,0.11,385.0975609756098
0.173,0.11,371.76666666666665
0.174,0.11,328.23333333333335
0.175,0.11,380.0967741935484
0.176,0.11,306.85185185185185
0.177,0.11,280.94444444444446
0.178,0.11,318.3
0.179,0.11,193.85714285714286
0.18,0.11,281.15625
0.181,0.11,244.75
0.182,0.11,336.7837837837838
0.183,0.11,329.83870967741933
0.184,0.11,283.2068965517241
0.185,0.11,275.76666666666665
0.186,0.11,395.86206896551727
0.187,0.11,282.88461538461536
0.188,0.11,233.47619047619048
0.189,0.11,420.55555555555554
0.19,0.11,176.68965517241378
0.191,0.11,308.125
0.192,0.11,295.11538461538464
0.193,0.11,181.29166666666666
0.194,0.11,314.12
0.195,0.11,344.16129032258067
0.196,0.11,244.6
0.197,0.11,270.56666666666666
0.198,0.11,281.62857142857143
0.199,0.11,302.962962962963
0.2,0.11,231.46666666666667
0.201,0.11,216.96
0.202,0.11,283.6
0.203,0.11,239.1851851851852
0.204,0.11,351.77777777777777
0.205,0.11,357.57142857142856
0.206,0.11,323.5
0.207,0.11,297.95
0.208,0.11,347.375
0.209,0.11,399.82142857142856
0.21,0.11,263.8076923076923
0.211,0.11,279.1304347826087
0.212,0.11,275.22222222222223
0.213,0.11,269.2352941176471
0.214,0.11,394.38461538461536
0.215,0.11,419.875
0.216,0.11,449.8333333333333
0.217,0.11,388.125
0.218,0.11,337.95238095238096
0.219,0.11,468.7894736842105
0.22,0.11,331.95238095238096
0.221,0.11,320.3333333333333
0.222,0.11,337.0
0.223,0.11,234.11111111111111
0.224,0.11,336.32
0.225,0.11,508.2105263157895
0.226,0.11,202.72727272727272
0.227,0.11,314.2
0.228,0.11,283.92857142857144
0.229,0.11,366.05263157894734
0.23,0.11,169.65
0.231,0.11,235.1578947368421
0.232,0.11,158.46153846153845
0.233,0.11,287.15
0.234,0.11,356.42857142857144
0.235,0.11,243.25
0.236,0.11,264.0769230769231
0.237,0.11,205.3846153846154
0.238,0.11,268.07142857142856
0.239,0.11,389.94444444444446
0.24,0.11,368.72222222222223
0.241,0.11,283.8125
0.242,0.11,312.1875
0.243,0.11,322.36842105263156
0.244,0.11,546.7142857142857
0.245,0.11,184.58823529411765
0.246,0.11,444.92857142857144
0.247,0.11,422.10526315789474
0.248,0.11,298.55
0.249,0.11,222.42857142857142
0.25,0.11,365.2631578947368
0.251,0.11,394.75
0.252,0.11,158.0909090909091
0.253,0.11,307.2857142857143
0.254,0.11,181.66666666666666
0.255,0.11,351.55555555555554
0.256,0.11,356.0
0.257,0.11,302.9
0.258,0.11,170.0
0.259,0.11,446.93333333333334
0.26,0.11,194.33333333333334
0.261,0.11,336.3333333333333
0.262,0.11,634.2
0.263,0.11,263.65
0.264,0.11,186.44444444444446
0.265,0.11,295.2
0.266,0.11,302.0
0.267,0.11,174.6
0.268,0.11,298.5
0.269,0.11,316.875
0.27,0.11,358.0833333333333
0.271,0.11,187.2
0.272,0.11,120.96
0.273,0.11,323.6363636363636
0.274,0.11,190.84615384615384
0.275,0.11,295.9
0.276,0.11,377.42857142857144
0.277,0.11,318.1875
0.278,0.11,258.09090909090907
0.279,0.11,240.0
0.28,0.11,312.1764705882353
0.281,0.11,295.2307692307692
0.282,0.11,302.46153846153845
0.283,0.11,248.25
0.284,0.11,384.3333333333333
0.285,0.11,229.1818181818182
0.286,0.11,197.75
0.287,0.11,301.44444444444446
0.288,0.11,266.0
0.289,0.11,205.33333333333334
0.29,0.11,168.85714285714286
0.291,0.11,337.5
0.292,0.11,222.1818181818182
0.293,0.11,285.3
0.294,0.11,336.1818181818182
0.295,0.11,185.75
0.296,0.11,454.1666666666667
0.297,0.11,284.5
0.298,0.11,389.7142857142857
0.299,0.11,258.4
0.3,0.11,359.55555555555554
0.301,0.11,426.75
0.302,0.11,281.4
0.303,0.11,170.625
0.304,0.11,470.0
0.305,0.11,147.125
0.306,0.11,289.0
0.307,0.11,134.14285714285714
0.308,0.11,252.9090909090909
0.309,0.11,155.33333333333334
0.31,0.11,264.0
0.311,0.11,572.5
0.312,0.11,164.22222222222223
0.313,0.11,365.1666666666667
0.314,0.11,211.71428571428572
0.315,0.11,195.66666666666666
0.316,0.11,231.5
0.317,0.11,404.6
0.318,0.11,277.42857142857144
0.319,0.11,106.0
0.32,0.11,182.33333333333334
0.321,0.11,241.66666666666666
0.322,0.11,211.5
0.323,0.11,127.6
0.324,0.11,192.28571428571428
0.325,0.11,155.33333333333334
0.326,0.11,207.88888888888889
0.327,0.11,319.3333333333333
0.328,0.11,538.3333333333334
0.329,0.11,258.22222222222223
0.33,0.11,92.0
0.331,0.11,78.0
0.332,0.11,62.333333333333336
0.333,0.11,251.0
0.334,0.11,486.0
0.335,0.11,132.0
0.336,0.11,214.14285714285714
0.337,0.11,249.2
0.338,0.11,96.0
0.339,0.11,173.8
0.34,0.11,219.66666666666666
0.341,0.11,115.75
0.342,0.11,414.0
0.343,0.11,95.0
0.344,0.11,440.6
0.345,0.11,309.5
0.346,0.11,127.6
0.347,0.11,129.5
0.348,0.11,907.0
0.349,0.11,290.0
0.35,0.11,95.66666666666667
0.351,0.11,198.66666666666666
0.352,0.11,146.5
0.353,0.11,327.5
0.354,0.11,92.6
0.355,0.11,205.25
0.356,0.11,188.5
0.357,0.11,269.6666666666667
0.358,0.11,144.5
0.359,0.11,336.75
0.36,0.11,60.0
0.361,0.11,132.8
0.362,0.11,336.0
0.363,0.11,143.83333333333334
0.364,0.11,129.0
0.365,0.11,157.16666666666666
0.366,0.11,202.4
0.367,0.11,282.4
0.368,0.11,405.75
0.37,0.11,187.0
0.372,0.11,215.75
0.373,0.11,107.0
0.374,0.11,159.0
0.375,0.11,131.33333333333334
0.376,0.11,155.8
0.377,0.11,92.75
0.378,0.11,265.0
0.379,0.11,288.5
0.38,0.11,161.0
0.381,0.11,98.0
0.382,0.11,210.2
0.383,0.11,164.25
0.384,0.11,111.5
0.385,0.11,163.33333333333334
0.386,0.11,180.0
0.387,0.11,120.75
0.388,0.11,86.66666666666667
0.389,0.11,153.66666666666666
0.39,0.11,431.6
0.391,0.11,348.0
0.392,0.11,270.4
0.393,0.11,186.66666666666666
0.395,0.11,158.0
0.397,0.11,248.0
0.398,0.11,130.0
0.399,0.11,217.5
0.4,0.11,104.0
0.05,0.12,1424.8947368421052
0.051,0.12,327.25925925925924
0.052,0.12,305.5
0.053,0.12,236.5909090909091
0.054,0.12,418.74074074074076
0.055,0.12,486.8076923076923
0.056,0.12,280.16129032258067
0.057,0.12,234.35897435897436
0.058,0.12,455.1764705882353
0.059,0.12,377.2962962962963
0.06,0.12,295.73809523809524
0.061,0.12,234.13333333333333
0.062,0.12,332.2608695652174
0.063,0.12,306.7291666666667
0.064,0.12,314.15909090909093
0.065,0.12,227.23529411764707
0.066,0.12,252.47368421052633
0.067,0.12,200.74242424242425
0.068,0.12,371.3666666666667
0.069,0.12,195.92753623188406
0.07,0.12,194.07692307692307
0.071,0.12,229.90697674418604
0.072,0.12,211.6875
0.073,0.12,184.9268292682927
0.074,0.12,231.58461538461538
0.075,0.12,208.73333333333332
0.076,0.12,248.6164383561644
0.077,0.12,237.453125
0.078,0.12,257.23880597014926
0.079,0.12,265.8524590163934
0.08,0.12,245.76923076923077
0.081,0.12,324.7368421052632
0.082,0.12,291.241935483871
0.083,0.12,227.66101694915255
0.084,0.12,270.728813559322
0.085,0.12,180.9245283018868
0.086,0.12,233.32608695652175
0.087,0.12,207.35416666666666
0.088,0.12,339.7
0.089,0.12,316.1803278688525
0.09,0.12,277.9166666666667
0.091,0.12,259.48979591836735
0.092,0.12,363.2121212121212
0.093,0.12,432.14285714285717
0.094,0.12,302.75555555555553
0.095,0.12,425.25
0.096,0.12,264.6875
0.097,0.12,240.53191489361703
0.098,0.12,241.85454545454544
0.099,0.12,249.0566037735849
0.1,0.12,213.06976744186048
0.101,0.12,288.6666666666667
0.102,0.12,217.3095238095238
0.103,0.12,394.76785714285717
0.104,0.12,216.94117647058823
0.105,0.12,351.94117647058823
0.106,0.12,265.17021276595744
0.107,0.12,211.62222222222223
0.108,0.12,304.0833333333333
0.109,0.12,282.64912280701753
0.11,0.12,236.48888888888888
0.111,0.12,240.40425531914894
0.112,0.12,308.0769230769231
0.113,0.12,277.7567567567568
0.114,0.12,304.3333333333333
0.115,0.12,168.10256410256412
0.116,0.12,208.12820512820514
0.117,0.12,272.40909090909093
0.118,0.12,309.2894736842105
0.119,0.12,258.6923076923077
0.12,0.12,341.9714285714286
0.121,0.12,310.4117647058824
0.122,0.12,329.1621621621622
0.123,0.12,231.8
0.124,0.12,299.9583333333333
0.125,0.12,124.39285714285714
0.126,0.12,336.0
0.127,0.12,327.46153846153845
0.128,0.12,302.0
0.129,0.12,218.11111111111111
0.13,0.12,323.0
0.131,0.12,370.46666666666664
0.132,0.12,314.3333333333333
0.133,0.12,238.9047619047619
0.134,0.12,359.6470588235294
0.135,0.12,280.0
0.136,0.12,306.35714285714283
0.137,0.12,274.8857142857143
0.138,0.12,236.42307692307693
0.139,0.12,162.74193548387098
0.14,0.12,268.09090909090907
0.141,0.12,243.34146341463415
0.142,0.12,259.7037037037037
0.143,0.12,217.79310344827587
0.144,0.12,297.0
0.145,0.12,394.125
0.146,0.12,383.0
0.147,0.12,293.12
0.148,0.12,262.62068965517244
0.149,0.12,326.61538461538464
0.15,0.12,282.7878787878788
0.151,0.12,396.3243243243243
0.152,0.12,205.07407407407408
0.153,0.12,309.2173913043478
0.154,0.12,244.5142857142857
0.155,0.12,290.5
0.156,0.12,343.5833333333333
0.157,0.12,292.55263157894734
0.158,0.12,379.9310344827586
0.159,0.12,302.0
0.16,0.12,383.2
0.161,0.12,434.375
0.162,0.12,320.3333333333333
0.163,0.12,352.7083333333333
0.164,0.12,340.03225806451616
0.165,0.12,257.97058823529414
0.166,0.12,304.6388888888889
0.167,0.12,240.58333333333334
0.168,0.12,322.5
0.169,0.12,249.22857142857143
0.17,0.12,267.38461538461536
0.171,0.12,227.21428571428572
0.172,0.12,224.06060606060606
0.173,0.12,329.27777777777777
0.174,0.12,298.15625
0.175,0.12,240.12
0.176,0.12,192.10526315789474
0.177,0.12,263.3666666666667
0.178,0.12,264.5925925925926
0.179,0.12,269.2105263157895
0.18,0.12,381.76
0.181,0.12,262.92
0.182,0.12,289.10714285714283
0.183,0.12,224.93548387096774
0.184,0.12,274.54545454545456
0.185,0.12,387.35714285714283
0.186,0.12,232.26666666666668
0.187,0.12,291.1904761904762
0.188,0.12,447.02702702702703
0.189,0.12,336.2647058823529
0.19,0.12,262.1515151515151
0.191,0.12,232.85
0.192,0.12,292.45
0.193,0.12,289.95652173913044
0.194,0.12,370.55
0.195,0.12,293.15384615384613
0.196,0.12,139.54545454545453
0.197,0.12,254.25925925925927
0.198,0.12,184.71428571428572
0.199,0.12,271.2857142857143
0.2,0.12,313.3333333333333
0.201,0.12,281.8888888888889
0.202,0.12,223.55
0.203,0.12,274.2758620689655
0.204,0.12,159.94117647058823
0.205,0.12,382.32
0.206,0.12,325.72
0.207,0.12,210.42105263157896
0.208,0.12,326.625
0.209,0.12,342.3076923076923
0.21,0.12,259.3809523809524
0.211,0.12,205.41666666666666
0.212,0.12,220.75862068965517
0.213,0.12,261.10714285714283
0.214,0.12,271.1
0.215,0.12,244.3684210526316
0.216,0.12,324.46666666666664
0.217,0.12,387.60869565217394
0.218,0.12,410.70588235294116
0.219,0.12,221.47619047619048
0.22,0.12,386.85
0.221,0.12,429.1304347826087
0.222,0.12,327.25
0.223,0.12,391.875
0.224,0.12,441.07142857142856
0.225,0.12,283.18518518518516
0.226,0.12,194.9
0.227,0.12,245.36363636363637
0.228,0.12,268.8181818181818
0.229,0.12,274.4166666666667
0.23,0.12,366.2142857142857
0.231,0.12,296.8125
0.232,0.12,198.26666666666668
0.233,0.12,224.36363636363637
0.234,0.12,292.8636363636364
0.235,0.12,191.26315789473685
0.236,0.12,304.27777777777777
0.237,0.12,278.53846153846155
0.238,0.12,263.8333333333333
0.239,0.12,213.42857142857142
0.24,0.12,351.05263157894734
0.241,0.12,202.94444444444446
0.242,0.12,205.7058823529412
0.243,0.12,218.0
0.244,0.12,389.4375
0.245,0.12,168.86666666666667
0.246,0.12,240.73684210526315
0.247,0.12,273.625
0.248,0.12,207.91304347826087
0.249,0.12,281.5833333333333
0.25,0.12,308.14285714285717
0.251,0.12,260.5
0.252,0.12,218.26666666666668
0.253,0.12,225.0
0.254,0.12,229.0
0.255,0.12,362.1666666666667
0.256,0.12,353.22222222222223
0.257,0.12,188.77777777777777
0.258,0.12,185.0909090909091
0.259,0.12,246.30769230769232
0.26,0.12,229.13333333333333
0.261,0.12,218.22222222222223
0.262,0.12,330.5625
0.263,0.12,378.2631578947368
0.264,0.12,223.78947368421052
0.265,0.12,198.8421052631579
0.266,0.12,273.61538461538464
0.267,0.12,388.45454545454544
0.268,0.12,217.78571428571428
0.269,0.12,498.94117647058823
0.27,0.12,298.2631578947368
0.271,0.12,206.07142857142858
0.272,0.12,332.11764705882354
0.273,0.12,283.125
0.274,0.12,345.0
0.275,0.12,300.875
0.276,0.12,214.6
0.277,0.12,271.22222222222223
0.278,0.12,363.6923076923077
0.279,0.12,221.93333333333334
0.28,0.12,249.6
0.281,0.12,176.0
0.282,0.12,223.16666666666666
0.283,0.12,187.6
0.284,0.12,336.0
0.285,0.12,358.27272727272725
0.286,0.12,293.7142857142857
0.287,0.12,215.5
0.288,0.12,301.5
0.289,0.12,214.06666666666666
0.29,0.12,298.6923076923077
0.291,0.12,360.8333333333333
0.292,0.12,195.08333333333334
0.293,0.12,292.5
0.294,0.12,183.0
0.295,0.12,285.6
0.296,0.12,138.22222222222223
0.297,0.12,448.0769230769231
0.298,0.12,468.75
0.299,0.12,288.44444444444446
0.3,0.12,168.33333333333334
0.301,0.12,352.8333333333333
0.302,0.12,187.0
0.303,0.12,152.0
0.304,0.12,191.30769230769232
0.305,0.12,294.5
0.306,0.12,337.6923076923077
0.307,0.12,353.6666666666667
0.308,0.12,352.5833333333333
0.309,0.12,151.6
0.31,0.12,253.2
0.311,0.12,292.4166666666667
0.312,0.12,131.0
0.313,0.12,201.75
0.314,0.12,383.25
0.315,0.12,192.66666666666666
0.316,0.12,260.0
0.317,0.12,238.2
0.318,0.12,203.0
0.319,0.12,242.0
0.32,0.12,204.6
0.321,0.12,225.75
0.322,0.12,242.25
0.323,0.12,228.9090909090909
0.324,0.12,381.0
0.325,0.12,106.8
0.326,0.12,160.5
0.327,0.12,184.1818181818182
0.328,0.12,215.7
0.329,0.12,291.0
0.33,0.12,244.76923076923077
0.331,0.12,153.33333333333334
0.332,0.12,605.5
0.333,0.12,186.33333333333334
0.334,0.12,221.6
0.335,0.12,162.0
0.336,0.12,199.54545454545453
0.337,0.12,742.8
0.338,0.12,97.6
0.339,0.12,180.33333333333334
0.34,0.12,113.5
0.341,0.12,194.85714285714286
0.342,0.12,175.22222222222223
0.343,0.12,411.8333333333333
0.344,0.12,279.9
0.345,0.12,360.7692307692308
0.346,0.12,183.33333333333334
0.347,0.12,798.0
0.348,0.12,121.85714285714286
0.349,0.12,411.7142857142857
0.35,0.12,184.0
0.351,0.12,663.5555555555555
0.352,0.12,251.75
0.353,0.12,128.8
0.354,0.12,177.42857142857142
0.355,0.12,267.1666666666667
0.356,0.12,317.1666666666667
0.357,0.12,596.0
0.358,0.12,351.3333333333333
0.359,0.12,97.0
0.36,0.12,227.66666666666666
0.361,0.12,357.75
0.362,0.12,302.2307692307692
0.363,0.12,97.0
0.364,0.12,156.33333333333334
0.365,0.12,222.85714285714286
0.366,0.12,189.66666666666666
0.367,0.12,128.0
0.368,0.12,343.0
0.369,0.12,153.33333333333334
0.37,0.12,342.25
0.371,0.12,95.6
0.372,0.12,320.6666666666667
0.373,0.12,112.5
0.374,0.12,683.0
0.375,0.12,197.0
0.376,0.12,354.5
0.377,0.12,101.75
0.378,0.12,159.6
0.379,0.12,90.5
0.38,0.12,184.2
0.381,0.12,87.0
0.382,0.12,214.5
0.383,0.12,186.0
0.384,0.12,93.0
0.385,0.12,246.5
0.386,0.12,388.5
0.387,0.12,129.33333333333334
0.388,0.12,180.6
0.389,0.12,102.5
0.39,0.12,139.8
0.391,0.12,75.0
0.392,0.12,65.0
0.393,0.12,63.0
0.394,0.12,264.0
0.395,0.12,73.0
0.396,0.12,68.0
0.397,0.12,107.33333333333333
0.398,0.12,233.0
0.399,0.12,91.66666666666667
0.4,0.12,72.0
0.05,0.13,1183.0
0.051,0.13,191.6451612903226
0.052,0.13,285.10526315789474
0.053,0.13,324.46153846153845
0.054,0.13,249.8148148148148
0.055,0.13,309.037037037037
0.056,0.13,245.1081081081081
0.057,0.13,297.1290322580645
0.058,0.13,437.09375
0.059,0.13,407.27777777777777
0.06,0.13,274.53846153846155
0.061,0.13,287.13461538461536
0.062,0.13,262.2083333333333
0.063,0.13,265.21311475409834
0.064,0.13,274.2830188679245
0.065,0.13,283.94642857142856
0.066,0.13,390.9433962264151
0.067,0.13,234.3793103448276
0.068,0.13,368.69565217391306
0.069,0.13,171.46969696969697
0.07,0.13,228.3695652173913
0.071,0.13,191.47692307692307
0.072,0.13,191.3015873015873
0.073,0.13,206.03571428571428
0.074,0.13,248.1904761904762
0.075,0.13,208.33333333333334
0.076,0.13,217.70967741935485
0.077,0.13,211.25
0.078,0.13,265.6393442622951
0.079,0.13,257.2857142857143
0.08,0.13,313.25
0.081,0.13,324.9
0.082,0.13,301.4406779661017
0.083,0.13,271.475
0.084,0.13,204.06382978723406
0.085,0.13,319.1304347826087
0.086,0.13,262.06
0.087,0.13,314.359375
0.088,0.13,224.75
0.089,0.13,272.8837209302326
0.09,0.13,304.23214285714283
0.091,0.13,238.85416666666666
0.092,0.13,159.31428571428572
0.093,0.13,313.5945945945946
0.094,0.13,283.17543859649123
0.095,0.13,231.47826086956522
0.096,0.13,396.6046511627907
0.097,0.13,274.7857142857143
0.098,0.13,393.07142857142856
0.099,0.13,241.4090909090909
0.1,0.13,288.85714285714283
0.101,0.13,270.71794871794873
0.102,0.13,275.3809523809524
0.103,0.13,328.51020408163265
0.104,0.13,298.07894736842104
0.105,0.13,357.15909090909093
0.106,0.13,248.97674418604652
0.107,0.13,199.54054054054055
0.108,0.13,354.4736842105263
0.109,0.13,281.61290322580646
0.11,0.13,312.9268292682927
0.111,0.13,253.25714285714287
0.112,0.13,289.1470588235294
0.113,0.13,257.9
0.114,0.13,284.48837209302326
0.115,0.13,207.86486486486487
0.116,0.13,212.02702702702703
0.117,0.13,211.02439024390245
0.118,0.13,260.9583333333333
0.119,0.13,322.95652173913044
0.12,0.13,222.5
0.121,0.13,356.1212121212121
0.122,0.13,333.5833333333333
0.123,0.13,312.40625
0.124,0.13,294.37931034482756
0.125,0.13,247.53333333333333
0.126,0.13,338.75
0.127,0.13,424.0
0.128,0.13,318.13513513513516
0.129,0.13,354.7560975609756
0.13,0.13,327.7142857142857
0.131,0.13,238.1951219512195
0.132,0.13,352.6
0.133,0.13,313.85714285714283
0.134,0.13,375.6666666666667
0.135,0.13,297.72093023255815
0.136,0.13,303.3666666666667
0.137,0.13,244.61904761904762
0.138,0.13,279.51724137931035
0.139,0.13,242.27027027027026
0.14,0.13,347.1333333333333
0.141,0.13,267.6666666666667
0.142,0.13,237.69444444444446
0.143,0.13,246.8108108108108
0.144,0.13,295.93333333333334
0.145,0.13,211.31578947368422
0.146,0.13,262.7567567567568
0.147,0.13,228.5
0.148,0.13,323.61538461538464
0.149,0.13,299.5111111111111
0.15,0.13,301.55882352941177
0.151,0.13,322.2826086956522
0.152,0.13,274.5897435897436
0.153,0.13,291.3157894736842
0.154,0.13,225.82608695652175
0.155,0.13,254.33333333333334
0.156,0.13,243.77777777777777
0.157,0.13,251.06521739130434
0.158,0.13,271.4318181818182
0.159,0.13,310.3333333333333
0.16,0.13,290.2439024390244
0.161,0.13,327.3333333333333
0.162,0.13,225.02631578947367
0.163,0.13,210.27272727272728
0.164,0.13,384.6511627906977
0.165,0.13,290.7692307692308
0.166,0.13,302.1041666666667
0.167,0.13,313.2093023255814
0.168,0.13,334.23333333333335
0.169,0.13,316.2258064516129
0.17,0.13,321.7826086956522
0.171,0.13,490.2857142857143
0.172,0.13,317.57142857142856
0.173,0.13,306.74285714285713
0.174,0.13,287.17241379310343
0.175,0.13,260.65714285714284
0.176,0.13,246.4375
0.177,0.13,344.85185185185185
0.178,0.13,261.8
0.179,0.13,236.2
0.18,0.13,281.48571428571427
0.181,0.13,339.2307692307692
0.182,0.13,280.3695652173913
0.183,0.13,241.19444444444446
0.184,0.13,336.9230769230769
0.185,0.13,189.75675675675674
0.186,0.13,321.2962962962963
0.187,0.13,267.78125
0.188,0.13,328.06451612903226
0.189,0.13,333.6969696969697
0.19,0.13,373.5813953488372
0.191,0.13,285.4186046511628
0.192,0.13,296.3103448275862
0.193,0.13,256.8
0.194,0.13,279.82608695652175
0.195,0.13,245.02857142857144
0.196,0.13,208.82758620689654
0.197,0.13,268.89473684210526
0.198,0.13,257.13793103448273
0.199,0.13,303.8333333333333
0.2,0.13,276.51724137931035
0.201,0.13,398.525
0.202,0.13,300.42424242424244
0.203,0.13,239.70833333333334
0.204,0.13,299.84
0.205,0.13,248.32142857142858
0.206,0.13,345.5806451612903
0.207,0.13,305.5925925925926
0.208,0.13,320.55172413793105
0.209,0.13,377.5882352941176
0.21,0.13,309.2
0.211,0.13,265.12
0.212,0.13,244.4090909090909
0.213,0.13,338.4230769230769
0.214,0.13,404.38461538461536
0.215,0.13,227.14814814814815
0.216,0.13,297.63157894736844
0.217,0.13,386.42105263157896
0.218,0.13,347.85714285714283
0.219,0.13,570.0
0.22,0.13,416.6774193548387
0.221,0.13,161.6
0.222,0.13,219.95454545454547
0.223,0.13,251.25
0.224,0.13,249.11111111111111
0.225,0.13,226.44827586206895
0.226,0.13,190.03703703703704
0.227,0.13,435.8695652173913
0.228,0.13,234.7037037037037
0.229,0.13,223.61111111111111
0.23,0.13,230.46153846153845
0.231,0.13,220.66666666666666
0.232,0.13,290.3478260869565
0.233,0.13,236.30769230769232
0.234,0.13,231.35714285714286
0.235,0.13,270.63157894736844
0.236,0.13,344.7857142857143
0.237,0.13,224.8095238095238
0.238,0.13,156.84615384615384
0.239,0.13,237.11764705882354
0.24,0.13,265.09090909090907
0.241,0.13,127.94117647058823
0.242,0.13,229.64285714285714
0.243,0.13,233.28571428571428
0.244,0.13,358.1818181818182
0.245,0.13,257.0
0.246,0.13,312.2142857142857
0.247,0.13,272.3529411764706
0.248,0.13,189.04761904761904
0.249,0.13,269.05555555555554
0.25,0.13,213.07142857142858
0.251,0.13,216.66666666666666
0.252,0.13,204.14285714285714
0.253,0.13,366.07142857142856
0.254,0.13,208.83333333333334
0.255,0.13,157.5
0.256,0.13,183.05
0.257,0.13,179.16666666666666
0.258,0.13,173.05882352941177
0.259,0.13,271.4
0.26,0.13,270.7692307692308
0.261,0.13,426.09090909090907
0.262,0.13,223.8
0.263,0.13,193.25
0.264,0.13,144.88888888888889
0.265,0.13,541.4615384615385
0.266,0.13,294.8181818181818
0.267,0.13,436.2857142857143
0.268,0.13,111.0
0.269,0.13,238.45454545454547
0.27,0.13,261.6923076923077
0.271,0.13,213.93333333333334
0.272,0.13,322.45454545454544
0.273,0.13,310.375
0.274,0.13,99.72727272727273
0.275,0.13,178.0
0.276,0.13,365.61538461538464
0.277,0.13,166.5
0.278,0.13,174.2
0.279,0.13,305.4
0.28,0.13,129.66666666666666
0.281,0.13,256.0
0.282,0.13,241.54545454545453
0.283,0.13,222.9090909090909
0.284,0.13,108.0
0.285,0.13,226.44444444444446
0.286,0.13,208.46153846153845
0.287,0.13,221.3
0.288,0.13,235.30769230769232
0.289,0.13,224.1818181818182
0.29,0.13,319.2857142857143
0.291,0.13,145.11111111111111
0.292,0.13,342.7857142857143
0.293,0.13,336.0
0.294,0.13,259.8888888888889
0.295,0.13,144.91666666666666
0.296,0.13,171.83333333333334
0.297,0.13,166.0
0.298,0.13,344.25
0.299,0.13,330.0
0.3,0.13,238.0
0.301,0.13,176.25
0.302,0.13,108.0
0.303,0.13,206.88888888888889
0.304,0.13,476.6666666666667
0.305,0.13,313.4
0.306,0.13,217.28571428571428
0.307,0.13,224.5
0.308,0.13,155.55555555555554
0.309,0.13,287.5
0.31,0.13,147.77777777777777
0.311,0.13,143.5
0.312,0.13,137.0
0.313,0.13,399.9
0.314,0.13,182.16666666666666
0.315,0.13,287.5
0.316,0.13,166.75
0.317,0.13,244.88888888888889
0.318,0.13,191.71428571428572
0.319,0.13,153.0
0.32,0.13,227.3846153846154
0.321,0.13,241.6
0.322,0.13,145.36363636363637
0.323,0.13,142.33333333333334
0.324,0.13,161.66666666666666
0.325,0.13,617.0
0.326,0.13,198.875
0.327,0.13,82.0
0.328,0.13,76.8
0.329,0.13,170.66666666666666
0.33,0.13,146.83333333333334
0.331,0.13,123.14285714285714
0.332,0.13,91.0
0.333,0.13,629.3333333333334
0.334,0.13,221.83333333333334
0.335,0.13,204.83333333333334
0.336,0.13,91.5
0.337,0.13,384.1111111111111
0.338,0.13,144.5
0.339,0.13,109.83333333333333
0.34,0.13,830.3333333333334
0.341,0.13,145.125
0.342,0.13,102.75
0.343,0.13,194.28571428571428
0.344,0.13,322.0
0.345,0.13,393.0
0.346,0.13,92.5
0.347,0.13,89.0
0.348,0.13,137.0
0.349,0.13,198.5
0.35,0.13,145.0
0.351,0.13,343.6666666666667
0.352,0.13,521.0
0.353,0.13,189.0
0.354,0.13,112.8
0.355,0.13,211.2
0.356,0.13,136.66666666666666
0.357,0.13,365.0
0.358,0.13,129.2
0.359,0.13,259.0
0.36,0.13,214.0
0.361,0.13,169.0
0.362,0.13,276.0
0.363,0.13,999.0
0.364,0.13,80.0
0.365,0.13,91.875
0.366,0.13,123.0
0.367,0.13,47.0
0.368,0.13,134.5
0.369,0.13,94.5
0.37,0.13,255.66666666666666
0.372,0.13,318.0
0.373,0.13,283.2
0.374,0.13,120.8
0.375,0.13,221.5
0.376,0.13,244.0
0.377,0.13,53.0
0.378,0.13,62.5
0.379,0.13,81.0
0.38,0.13,168.5
0.381,0.13,107.5
0.382,0.13,57.0
0.383,0.13,65.0
0.384,0.13,178.0
0.385,0.13,455.0
0.386,0.13,157.0
0.387,0.13,80.0
0.389,0.13,82.66666666666667
0.39,0.13,183.0
0.391,0.13,158.5
0.392,0.13,63.0
0.394,0.13,684.0
0.395,0.13,173.0
0.396,0.13,70.0
0.397,0.13,74.0
0.398,0.13,77.5
0.4,0.13,271.0
0.05,0.14,489.46666666666664
0.051,0.14,372.6774193548387
0.052,0.14,428.8918918918919
0.053,0.14,319.94444444444446
0.054,0.14,279.19354838709677
0.055,0.14,246.7826086956522
0.056,0.14,342.13793103448273
0.057,0.14,171.48
0.058,0.14,332.88235294117646
0.059,0.14,276.825
0.06,0.14,278.8529411764706
0.061,0.14,174.7659574468085
0.062,0.14,273.02777777777777
0.063,0.14,250.84782608695653
0.064,0.14,341.15
0.065,0.14,273.7659574468085
0.066,0.14,230.12
0.067,0.14,210.1578947368421
0.068,0.14,292.0508474576271
0.069,0.14,280.73333333333335
0.07,0.14,239.49333333333334
0.071,0.14,196.8235294117647
0.072,0.14,233.73214285714286
0.073,0.14,249.6153846153846
0.074,0.14,199.54285714285714
0.075,0.14,309.58730158730157
0.076,0.14,276.8787878787879
0.077,0.14,293.23728813559325
0.078,0.14,221.83582089552237
0.079,0.14,248.80769230769232
0.08,0.14,266.2068965517241
0.081,0.14,275.5348837209302
0.082,0.14,221.65573770491804
0.083,0.14,236.4909090909091
0.084,0.14,271.7083333333333
0.085,0.14,224.2325581395349
0.086,0.14,254.90384615384616
0.087,0.14,279.4
0.088,0.14,353.20512820512823
0.089,0.14,263.1463414634146
0.09,0.14,403.8125
0.091,0.14,300.6304347826087
0.092,0.14,419.1666666666667
0.093,0.14,280.3720930232558
0.094,0.14,384.13793103448273
0.095,0.14,204.89743589743588
0.096,0.14,261.97777777777776
0.097,0.14,347.7352941176471
0.098,0.14,231.66666666666666
0.099,0.14,340.6363636363636
0.1,0.14,396.54545454545456
0.101,0.14,363.47058823529414
0.102,0.14,391.7391304347826
0.103,0.14,253.225
0.104,0.14,343.39130434782606
0.105,0.14,255.92
0.106,0.14,378.73809523809524
0.107,0.14,286.85714285714283
0.108,0.14,273.7631578947368
0.109,0.14,366.6818181818182
0.11,0.14,344.04761904761904
0.111,0.14,219.21621621621622
0.112,0.14,256.0357142857143
0.113,0.14,264.6470588235294
0.114,0.14,272.8611111111111
0.115,0.14,286.8918918918919
0.116,0.14,312.1
0.117,0.14,210.66666666666666
0.118,0.14,223.3404255319149
0.119,0.14,254.27272727272728
0.12,0.14,256.21875
0.121,0.14,284.26666666666665
0.122,0.14,323.52941176470586
0.123,0.14,204.56521739130434
0.124,0.14,220.77777777777777
0.125,0.14,276.0769230769231
0.126,0.14,330.75757575757575
0.127,0.14,371.4
0.128,0.14,319.7368421052632
0.129,0.14,278.5238095238095
0.13,0.14,370.6969696969697
0.131,0.14,211.0
0.132,0.14,237.96296296296296
0.133,0.14,397.0
0.134,0.14,275.1212121212121
0.135,0.14,314.3448275862069
0.136,0.14,329.23809523809524
0.137,0.14,392.6666666666667
0.138,0.14,374.37931034482756
0.139,0.14,327.84375
0.14,0.14,234.61290322580646
0.141,0.14,282.1212121212121
0.142,0.14,400.030303030303
0.143,0.14,247.27272727272728
0.144,0.14,374.0625
0.145,0.14,323.175
0.146,0.14,297.25
0.147,0.14,420.89285714285717
0.148,0.14,332.5
0.149,0.14,359.0571428571429
0.15,0.14,304.2962962962963
0.151,0.14,306.77777777777777
0.152,0.14,321.0
0.153,0.14,275.62068965517244
0.154,0.14,200.3783783783784
0.155,0.14,293.6829268292683
0.156,0.14,341.36842105263156
0.157,0.14,307.77272727272725
0.158,0.14,267.4054054054054
0.159,0.14,449.15625
0.16,0.14,383.93939393939394
0.161,0.14,315.22857142857146
0.162,0.14,246.15
0.163,0.14,492.030303030303
0.164,0.14,359.6333333333333
0.165,0.14,299.39130434782606
0.166,0.14,256.6216216216216
0.167,0.14,267.4878048780488
0.168,0.14,359.8857142857143
0.169,0.14,352.53333333333336
0.17,0.14,225.64285714285714
0.171,0.14,315.46666666666664
0.172,0.14,310.1515151515151
0.173,0.14,309.68
0.174,0.14,204.42857142857142
0.175,0.14,230.26470588235293
0.176,0.14,424.9583333333333
0.177,0.14,270.8285714285714
0.178,0.14,282.225
0.179,0.14,375.6296296296296
0.18,0.14,506.5238095238095
0.181,0.14,420.61538461538464
0.182,0.14,466.11538461538464
0.183,0.14,229.3
0.184,0.14,266.51612903225805
0.185,0.14,345.1333333333333
0.186,0.14,290.7
0.187,0.14,283.94117647058823
0.188,0.14,307.89285714285717
0.189,0.14,241.94736842105263
0.19,0.14,253.13333333333333
0.191,0.14,326.48148148148147
0.192,0.14,363.93333333333334
0.193,0.14,230.16666666666666
0.194,0.14,350.44444444444446
0.195,0.14,250.31034482758622
0.196,0.14,365.6896551724138
0.197,0.14,256.0833333333333
0.198,0.14,338.5625
0.199,0.14,303.0
0.2,0.14,245.62857142857143
0.201,0.14,238.02702702702703
0.202,0.14,291.75
0.203,0.14,278.60869565217394
0.204,0.14,273.2352941176471
0.205,0.14,295.72
0.206,0.14,278.5625
0.207,0.14,245.35
0.208,0.14,361.92
0.209,0.14,230.5
0.21,0.14,624.4827586206897
0.211,0.14,355.4347826086956
0.212,0.14,524.6071428571429
0.213,0.14,219.9375
0.214,0.14,271.5
0.215,0.14,300.39130434782606
0.216,0.14,310.45
0.217,0.14,327.63157894736844
0.218,0.14,381.86206896551727
0.219,0.14,236.52173913043478
0.22,0.14,223.84615384615384
0.221,0.14,228.8125
0.222,0.14,221.42307692307693
0.223,0.14,244.45
0.224,0.14,366.0740740740741
0.225,0.14,364.875
0.226,0.14,147.0
0.227,0.14,349.56
0.228,0.14,225.56666666666666
0.229,0.14,239.33333333333334
0.23,0.14,238.1
0.231,0.14,370.75
0.232,0.14,281.46153846153845
0.233,0.14,372.2631578947368
0.234,0.14,388.8666666666667
0.235,0.14,372.0
0.236,0.14,291.67857142857144
0.237,0.14,395.04545454545456
0.238,0.14,368.57142857142856
0.239,0.14,268.8125
0.24,0.14,171.64285714285714
0.241,0.14,251.72222222222223
0.242,0.14,289.53333333333336
0.243,0.14,281.4
0.244,0.14,247.72727272727272
0.245,0.14,256.2105263157895
0.246,0.14,384.2631578947368
0.247,0.14,192.35294117647058
0.248,0.14,420.5
0.249,0.14,293.2105263157895
0.25,0.14,330.6
0.251,0.14,300.3333333333333
0.252,0.14,352.92857142857144
0.253,0.14,178.1764705882353
0.254,0.14,244.06666666666666
0.255,0.14,314.7894736842105
0.256,0.14,284.1666666666667
0.257,0.14,279.9166666666667
0.258,0.14,242.5
0.259,0.14,283.4
0.26,0.14,197.38888888888889
0.261,0.14,357.8888888888889
0.262,0.14,111.0
0.263,0.14,290.9166666666667
0.264,0.14,242.52380952380952
0.265,0.14,251.7058823529412
0.266,0.14,189.76923076923077
0.267,0.14,309.54545454545456
0.268,0.14,260.25
0.269,0.14,409.95652173913044
0.27,0.14,164.11111111111111
0.271,0.14,482.0
0.272,0.14,309.75
0.273,0.14,346.0
0.274,0.14,212.27777777777777
0.275,0.14,189.53333333333333
0.276,0.14,209.27272727272728
0.277,0.14,214.28571428571428
0.278,0.14,376.5833333333333
0.279,0.14,334.4347826086956
0.28,0.14,164.23529411764707
0.281,0.14,203.78571428571428
0.282,0.14,185.25
0.283,0.14,435.125
0.284,0.14,156.5
0.285,0.14,188.0
0.286,0.14,578.1666666666666
0.287,0.14,241.58333333333334
0.288,0.14,198.27272727272728
0.289,0.14,306.375
0.29,0.14,211.0
0.291,0.14,162.36363636363637
0.292,0.14,446.77777777777777
0.293,0.14,491.2105263157895
0.294,0.14,258.9
0.295,0.14,361.6666666666667
0.296,0.14,427.8666666666667
0.297,0.14,301.5833333333333
0.298,0.14,263.5
0.299,0.14,185.42857142857142
0.3,0.14,505.0
0.301,0.14,175.78571428571428
0.302,0.14,288.5
0.303,0.14,356.6363636363636
0.304,0.14,207.5
0.305,0.14,227.54545454545453
0.306,0.14,259.625
0.307,0.14,188.33333333333334
0.308,0.14,279.2857142857143
0.309,0.14,340.75
0.31,0.14,367.72727272727275
0.311,0.14,253.72727272727272
0.312,0.14,334.6666666666667
0.313,0.14,432.6666666666667
0.314,0.14,554.875
0.315,0.14,470.09090909090907
0.316,0.14,188.36363636363637
0.317,0.14,321.09090909090907
0.318,0.14,232.2
0.319,0.14,425.2857142857143
0.32,0.14,230.625
0.321,0.14,630.0
0.322,0.14,265.0
0.323,0.14,123.83333333333333
0.324,0.14,357.22222222222223
0.325,0.14,129.25
0.326,0.14,364.0
0.327,0.14,267.54545454545456
0.328,0.14,294.4
0.329,0.14,275.25
0.33,0.14,81.44444444444444
0.331,0.14,341.6666666666667
0.332,0.14,312.1666666666667
0.333,0.14,170.8181818181818
0.334,0.14,129.5
0.335,0.14,135.625
0.336,0.14,589.6
0.337,0.14,144.0
0.338,0.14,240.93333333333334
0.339,0.14,295.6666666666667
0.34,0.14,259.2857142857143
0.341,0.14,139.66666666666666
0.342,0.14,186.35714285714286
0.343,0.14,268.4166666666667
0.344,0.14,323.0
0.345,0.14,162.0
0.346,0.14,199.875
0.347,0.14,148.8
0.348,0.14,400.1666666666667
0.349,0.14,333.5
0.35,0.14,70.5
0.351,0.14,109.4
0.352,0.14,449.4
0.353,0.14,295.85714285714283
0.354,0.14,119.2
0.355,0.14,185.0
0.356,0.14,465.75
0.357,0.14,242.9090909090909
0.358,0.14,261.25
0.359,0.14,372.8
0.36,0.14,248.0
0.361,0.14,413.8333333333333
0.362,0.14,474.57142857142856
0.363,0.14,204.6
0.364,0.14,230.5
0.365,0.14,475.5
0.366,0.14,348.0
0.367,0.14,94.0
0.368,0.14,440.25
0.369,0.14,152.25
0.37,0.14,98.33333333333333
0.371,0.14,203.0
0.372,0.14,181.66666666666666
0.373,0.14,141.5
0.374,0.14,438.0
0.375,0.14,255.0
0.376,0.14,98.5
0.377,0.14,265.5
0.378,0.14,121.0
0.379,0.14,398.0
0.38,0.14,281.75
0.381,0.14,114.8
0.382,0.14,347.0
0.383,0.14,287.0
0.384,0.14,287.85714285714283
0.385,0.14,141.2
0.386,0.14,129.2
0.387,0.14,477.2
0.388,0.14,141.5
0.389,0.14,569.5
0.39,0.14,79.0
0.391,0.14,334.0
0.392,0.14,727.5
0.393,0.14,259.5
0.394,0.14,221.5
0.395,0.14,87.66666666666667
0.396,0.14,124.33333333333333
0.397,0.14,103.33333333333333
0.398,0.14,70.0
0.399,0.14,339.0
0.05,0.15,678.0
0.051,0.15,294.6216216216216
0.052,0.15,239.67567567567568
0.053,0.15,259.95652173913044
0.054,0.15,352.72
0.055,0.15,349.1
0.056,0.15,247.7741935483871
0.057,0.15,244.59259259259258
0.058,0.15,300.62857142857143
0.059,0.15,325.07894736842104
0.06,0.15,357.5
0.061,0.15,227.0909090909091
0.062,0.15,234.52272727272728
0.063,0.15,266.2325581395349
0.064,0.15,413.6857142857143
0.065,0.15,363.42
0.066,0.15,349.8888888888889
0.067,0.15,316.0943396226415
0.068,0.15,288.46
0.069,0.15,254.35294117647058
0.07,0.15,264.56
0.071,0.15,203.53488372093022
0.072,0.15,232.13333333333333
0.073,0.15,185.6078431372549
0.074,0.15,293.5357142857143
0.075,0.15,211.8653846153846
0.076,0.15,208.1081081081081
0.077,0.15,225.06666666666666
0.078,0.15,221.4
0.079,0.15,219.75862068965517
0.08,0.15,275.94736842105266
0.081,0.15,311.625
0.082,0.15,289.65384615384613
0.083,0.15,251.6904761904762
0.084,0.15,394.3809523809524
0.085,0.15,309.1818181818182
0.086,0.15,252.42222222222222
0.087,0.15,281.2291666666667
0.088,0.15,301.83870967741933
0.089,0.15,245.36363636363637
0.09,0.15,209.95238095238096
0.091,0.15,259.15909090909093
0.092,0.15,315.6458333333333
0.093,0.15,258.43243243243245
0.094,0.15,241.0
0.095,0.15,309.39473684210526
0.096,0.15,324.80434782608694
0.097,0.15,274.06976744186045
0.098,0.15,271.6730769230769
0.099,0.15,294.28125
0.1,0.15,249.41666666666666
0.101,0.15,396.02222222222224
0.102,0.15,323.70212765957444
0.103,0.15,319.8
0.104,0.15,322.57894736842104
0.105,0.15,229.47272727272727
0.106,0.15,298.8
0.107,0.15,347.7916666666667
0.108,0.15,303.0238095238095
0.109,0.15,254.35714285714286
0.11,0.15,198.52380952380952
0.111,0.15,254.20689655172413
0.112,0.15,212.8421052631579
0.113,0.15,297.5
0.114,0.15,211.73684210526315
0.115,0.15,242.16666666666666
0.116,0.15,268.39285714285717
0.117,0.15,237.42857142857142
0.118,0.15,321.81081081081084
0.119,0.15,233.44827586206895
0.12,0.15,298.97058823529414
0.121,0.15,305.03846153846155
0.122,0.15,273.7916666666667
0.123,0.15,307.2173913043478
0.124,0.15,263.52
0.125,0.15,330.80645161290323
0.126,0.15,339.0967741935484
0.127,0.15,236.86363636363637
0.128,0.15,249.0625
0.129,0.15,296.76
0.13,0.15,221.21052631578948
0.131,0.15,347.5806451612903
0.132,0.15,240.25925925925927
0.133,0.15,311.8787878787879
0.134,0.15,195.5
0.135,0.15,236.45454545454547
0.136,0.15,265.4651162790698
0.137,0.15,247.94444444444446
0.138,0.15,329.55172413793105
0.139,0.15,327.85714285714283
0.14,0.15,425.51851851851853
0.141,0.15,363.1142857142857
0.142,0.15,438.0
0.143,0.15,220.44
0.144,0.15,290.86842105263156
0.145,0.15,212.03846153846155
0.146,0.15,235.27777777777777
0.147,0.15,234.9
0.148,0.15,143.2
0.149,0.15,320.61764705882354
0.15,0.15,310.6896551724138
0.151,0.15,295.6216216216216
0.152,0.15,333.2962962962963
0.153,0.15,307.75
0.154,0.15,304.0
0.155,0.15,283.2432432432432
0.156,0.15,284.0
0.157,0.15,290.1515151515151
0.158,0.15,362.4117647058824
0.159,0.15,256.76666666666665
0.16,0.15,240.14285714285714
0.161,0.15,331.875
0.162,0.15,266.61764705882354
0.163,0.15,202.16216216216216
0.164,0.15,242.77142857142857
0.165,0.15,366.1794871794872
0.166,0.15,238.925
0.167,0.15,291.6756756756757
0.168,0.15,360.7105263157895
0.169,0.15,283.2894736842105
0.17,0.15,157.58333333333334
0.171,0.15,212.48387096774192
0.172,0.15,309.44736842105266
0.173,0.15,342.9736842105263
0.174,0.15,194.41666666666666
0.175,0.15,236.84
0.176,0.15,263.6969696969697
0.177,0.15,259.24242424242425
0.178,0.15,340.0
0.179,0.15,327.5263157894737
0.18,0.15,225.78787878787878
0.181,0.15,194.83333333333334
0.182,0.15,230.9090909090909
0.183,0.15,308.64516129032256
0.184,0.15,363.35483870967744
0.185,0.15,429.875
0.186,0.15,269.96
0.187,0.15,277.3939393939394
0.188,0.15,456.36
0.189,0.15,398.95652173913044
0.19,0.15,325.34615384615387
0.191,0.15,293.0
0.192,0.15,259.16
0.193,0.15,235.8
0.194,0.15,329.0
0.195,0.15,280.34285714285716
0.196,0.15,239.58064516129033
0.197,0.15,378.96666666666664
0.198,0.15,283.6666666666667
0.199,0.15,205.55
0.2,0.15,330.56
0.201,0.15,321.76190476190476
0.202,0.15,254.8
0.203,0.15,198.6153846153846
0.204,0.15,229.39285714285714
0.205,0.15,229.7826086956522
0.206,0.15,340.4347826086956
0.207,0.15,223.25
0.208,0.15,270.8709677419355
0.209,0.15,183.8
0.21,0.15,209.93103448275863
0.211,0.15,257.52
0.212,0.15,304.72727272727275
0.213,0.15,287.0
0.214,0.15,332.4782608695652
0.215,0.15,281.5
0.216,0.15,324.82142857142856
0.217,0.15,239.55172413793105
0.218,0.15,322.9130434782609
0.219,0.15,228.58823529411765
0.22,0.15,307.8484848484849
0.221,0.15,218.45
0.222,0.15,372.4166666666667
0.223,0.15,374.18518518518516
0.224,0.15,293.18518518518516
0.225,0.15,328.6296296296296
0.226,0.15,266.96774193548384
0.227,0.15,241.44
0.228,0.15,245.3846153846154
0.229,0.15,261.77777777777777
0.23,0.15,281.04761904761904
0.231,0.15,304.76190476190476
0.232,0.15,267.7
0.233,0.15,258.9047619047619
0.234,0.15,318.85714285714283
0.235,0.15,171.85714285714286
0.236,0.15,428.42857142857144
0.237,0.15,297.9259259259259
0.238,0.15,173.27777777777777
0.239,0.15,264.6818181818182
0.24,0.15,388.05882352941177
0.241,0.15,233.26315789473685
0.242,0.15,307.52
0.243,0.15,278.5
0.244,0.15,341.22222222222223
0.245,0.15,373.96153846153845
0.246,0.15,215.16
0.247,0.15,332.6
0.248,0.15,306.27272727272725
0.249,0.15,519.1176470588235
0.25,0.15,249.6315789473684
0.251,0.15,221.42857142857142
0.252,0.15,412.3333333333333
0.253,0.15,174.0
0.254,0.15,431.4
0.255,0.15,359.0
0.256,0.15,315.88235294117646
0.257,0.15,322.15384615384613
0.258,0.15,220.6
0.259,0.15,288.0
0.26,0.15,227.3846153846154
0.261,0.15,218.68421052631578
0.262,0.15,179.4
0.263,0.15,236.47826086956522
0.264,0.15,279.0
0.265,0.15,314.57142857142856
0.266,0.15,268.3333333333333
0.267,0.15,188.78571428571428
0.268,0.15,186.21428571428572
0.269,0.15,261.5
0.27,0.15,322.88235294117646
0.271,0.15,177.9
0.272,0.15,187.0
0.273,0.15,264.6
0.274,0.15,259.3809523809524
0.275,0.15,193.0
0.276,0.15,104.6923076923077
0.277,0.15,311.47058823529414
0.278,0.15,182.9047619047619
0.279,0.15,228.55555555555554
0.28,0.15,246.85714285714286
0.281,0.15,194.6315789473684
0.282,0.15,207.625
0.283,0.15,264.7368421052632
0.284,0.15,225.66666666666666
0.285,0.15,249.3
0.286,0.15,193.92857142857142
0.287,0.15,190.55555555555554
0.288,0.15,148.27272727272728
0.289,0.15,218.47058823529412
0.29,0.15,128.42857142857142
0.291,0.15,204.94444444444446
0.292,0.15,271.1
0.293,0.15,341.0833333333333
0.294,0.15,335.15384615384613
0.295,0.15,315.1818181818182
0.296,0.15,203.91666666666666
0.297,0.15,153.85714285714286
0.298,0.15,125.23076923076923
0.299,0.15,202.13333333333333
0.3,0.15,229.07142857142858
0.301,0.15,227.05882352941177
0.302,0.15,430.5
0.303,0.15,401.1
0.304,0.15,459.0625
0.305,0.15,215.0
0.306,0.15,278.05882352941177
0.307,0.15,198.0909090909091
0.308,0.15,282.45454545454544
0.309,0.15,269.26666666666665
0.31,0.15,267.95
0.311,0.15,209.0
0.312,0.15,157.0
0.313,0.15,269.0769230769231
0.314,0.15,216.2
0.315,0.15,253.42857142857142
0.316,0.15,223.875
0.317,0.15,284.0
0.318,0.15,200.46153846153845
0.319,0.15,186.625
0.32,0.15,304.2
0.321,0.15,123.66666666666667
0.322,0.15,93.33333333333333
0.323,0.15,396.6363636363636
0.324,0.15,421.6363636363636
0.325,0.15,179.8181818181818
0.326,0.15,139.625
0.327,0.15,284.8888888888889
0.328,0.15,213.7
0.329,0.15,235.92307692307693
0.33,0.15,117.77777777777777
0.331,0.15,328.55555555555554
0.332,0.15,341.5
0.333,0.15,126.0
0.334,0.15,245.75
0.335,0.15,184.08333333333334
0.336,0.15,163.66666666666666
0.337,0.15,971.3333333333334
0.338,0.15,218.66666666666666
0.339,0.15,239.25
0.34,0.15,217.0
0.341,0.15,174.5
0.342,0.15,203.7
0.343,0.15,139.42857142857142
0.344,0.15,202.45454545454547
0.345,0.15,171.625
0.346,0.15,160.25
0.347,0.15,136.625
0.348,0.15,148.33333333333334
0.349,0.15,224.0
0.35,0.15,285.5
0.351,0.15,224.1
0.352,0.15,221.22222222222223
0.353,0.15,221.5
0.354,0.15,187.83333333333334
0.355,0.15,707.0
0.357,0.15,190.57142857142858
0.358,0.15,139.57142857142858
0.359,0.15,99.8
0.36,0.15,170.125
0.361,0.15,119.375
0.362,0.15,155.4
0.363,0.15,319.8
0.364,0.15,219.0
0.365,0.15,127.0
0.366,0.15,365.0
0.367,0.15,285.375
0.368,0.15,272.85714285714283
0.369,0.15,121.5
0.37,0.15,92.0
0.371,0.15,265.0
0.372,0.15,190.125
0.373,0.15,160.66666666666666
0.374,0.15,148.83333333333334
0.375,0.15,287.4
0.376,0.15,283.4
0.377,0.15,71.5
0.378,0.15,245.85714285714286
0.379,0.15,146.2
0.38,0.15,264.0
0.381,0.15,219.66666666666666
0.382,0.15,97.75
0.383,0.15,396.5
0.384,0.15,95.0
0.385,0.15,124.0
0.386,0.15,160.66666666666666
0.387,0.15,459.4
0.388,0.15,325.0
0.389,0.15,143.28571428571428
0.39,0.15,95.5
0.391,0.15,380.0
0.392,0.15,638.0
0.393,0.15,140.0
0.394,0.15,113.0
0.395,0.15,235.5
0.396,0.15,585.5
0.397,0.15,74.5
0.398,0.15,94.0
0.399,0.15,497.0
0.4,0.15,329.0
0.05,0.16,580.7894736842105
0.051,0.16,282.9642857142857
0.052,0.16,232.08
0.053,0.16,322.73333333333335
0.054,0.16,215.08
0.055,0.16,145.77777777777777
0.056,0.16,289.1951219512195
0.057,0.16,388.4347826086956
0.058,0.16,278.1
0.059,0.16,199.44444444444446
0.06,0.16,313.2857142857143
0.061,0.16,265.57142857142856
0.062,0.16,274.1363636363636
0.063,0.16,321.5405405405405
0.064,0.16,251.0
0.065,0.16,274.9824561403509
0.066,0.16,339.36507936507934
0.067,0.16,279.38461538461536
0.068,0.16,284.280701754386
0.069,0.16,187.02272727272728
0.07,0.16,179.46031746031747
0.071,0.16,304.8448275862069
0.072,0.16,303.46774193548384
0.073,0.16,241.76785714285714
0.074,0.16,223.9322033898305
0.075,0.16,305.6792452830189
0.076,0.16,207.70833333333334
0.077,0.16,302.0
0.078,0.16,275.59322033898303
0.079,0.16,214.74603174603175
0.08,0.16,324.2
0.081,0.16,168.70454545454547
0.082,0.16,266.10869565217394
0.083,0.16,261.0
0.084,0.16,269.0681818181818
0.085,0.16,152.3181818181818
0.086,0.16,286.39344262295083
0.087,0.16,282.68888888888887
0.088,0.16,233.3
0.089,0.16,285.969696969697
0.09,0.16,204.3658536585366
0.091,0.16,312.8139534883721
0.092,0.16,308.3
0.093,0.16,256.93023255813955
0.094,0.16,203.73529411764707
0.095,0.16,255.32075471698113
0.096,0.16,301.2
0.097,0.16,325.8
0.098,0.16,275.84615384615387
0.099,0.16,238.58064516129033
0.1,0.16,241.26829268292684
0.101,0.16,219.69230769230768
0.102,0.16,279.04545454545456
0.103,0.16,337.8292682926829
0.104,0.16,233.11111111111111
0.105,0.16,268.1224489795918
0.106,0.16,263.35135135135135
0.107,0.16,267.28846153846155
0.108,0.16,185.29787234042553
0.109,0.16,274.5
0.11,0.16,225.81578947368422
0.111,0.16,285.4634146341463
0.112,0.16,256.9756097560976
0.113,0.16,264.05263157894734
0.114,0.16,253.0909090909091
0.115,0.16,326.1111111111111
0.116,0.16,220.70833333333334
0.117,0.16,222.2
0.118,0.16,229.23529411764707
0.119,0.16,328.375
0.12,0.16,220.27586206896552
0.121,0.16,229.76923076923077
0.122,0.16,299.72222222222223
0.123,0.16,150.7
0.124,0.16,253.13636363636363
0.125,0.16,347.6896551724138
0.126,0.16,185.3
0.127,0.16,263.5
0.128,0.16,368.3333333333333
0.129,0.16,356.4375
0.13,0.16,195.85365853658536
0.131,0.16,233.22222222222223
0.132,0.16,367.125
0.133,0.16,314.7586206896552
0.134,0.16,253.82051282051282
0.135,0.16,320.75757575757575
0.136,0.16,287.1818181818182
0.137,0.16,231.55555555555554
0.138,0.16,238.6551724137931
0.139,0.16,226.0952380952381
0.14,0.16,302.4
0.141,0.16,429.0
0.142,0.16,265.53125
0.143,0.16,324.51851851851853
0.144,0.16,331.93333333333334
0.145,0.16,246.58620689655172
0.146,0.16,399.74285714285713
0.147,0.16,267.97058823529414
0.148,0.16,238.76923076923077
0.149,0.16,377.1111111111111
0.15,0.16,286.7826086956522
0.151,0.16,236.0625
0.152,0.16,398.0740740740741
0.153,0.16,351.16326530612247
0.154,0.16,234.1875
0.155,0.16,294.25
0.156,0.16,271.3448275862069
0.157,0.16,170.03846153846155
0.158,0.16,471.5625
0.159,0.16,268.03333333333336
0.16,0.16,246.31428571428572
0.161,0.16,212.47619047619048
0.162,0.16,212.88235294117646
0.163,0.16,258.6666666666667
0.164,0.16,279.4222222222222
0.165,0.16,211.83333333333334
0.166,0.16,277.3103448275862
0.167,0.16,241.05128205128204
0.168,0.16,212.10526315789474
0.169,0.16,285.87179487179486
0.17,0.16,223.94117647058823
0.171,0.16,235.32142857142858
0.172,0.16,278.56756756756755
0.173,0.16,299.2352941176471
0.174,0.16,220.6875
0.175,0.16,301.56
0.176,0.16,319.8095238095238
0.177,0.16,341.44444444444446
0.178,0.16,276.3103448275862
0.179,0.16,310.56666666666666
0.18,0.16,264.72
0.181,0.16,270.2105263157895
0.182,0.16,325.725
0.183,0.16,286.82608695652175
0.184,0.16,325.0571428571429
0.185,0.16,336.8695652173913
0.186,0.16,341.7241379310345
0.187,0.16,206.28571428571428
0.188,0.16,307.89473684210526
0.189,0.16,167.47368421052633
0.19,0.16,307.46153846153845
0.191,0.16,261.0869565217391
0.192,0.16,319.0
0.193,0.16,346.77142857142854
0.194,0.16,232.75
0.195,0.16,242.58823529411765
0.196,0.16,226.36363636363637
0.197,0.16,296.36
0.198,0.16,361.4166666666667
0.199,0.16,320.11764705882354
0.2,0.16,272.8611111111111
0.201,0.16,348.4516129032258
0.202,0.16,120.11538461538461
0.203,0.16,324.18518518518516
0.204,0.16,382.36842105263156
0.205,0.16,142.76190476190476
0.206,0.16,301.93548387096774
0.207,0.16,398.3333333333333
0.208,0.16,236.04166666666666
0.209,0.16,301.61538461538464
0.21,0.16,440.2857142857143
0.211,0.16,337.86206896551727
0.212,0.16,328.5769230769231
0.213,0.16,233.69230769230768
0.214,0.16,254.64
0.215,0.16,180.84615384615384
0.216,0.16,312.18518518518516
0.217,0.16,215.35
0.218,0.16,385.7037037037037
0.219,0.16,515.4230769230769
0.22,0.16,289.57894736842104
0.221,0.16,330.25
0.222,0.16,348.04347826086956
0.223,0.16,223.75
0.224,0.16,252.75
0.225,0.16,309.5925925925926
0.226,0.16,286.61538461538464
0.227,0.16,274.82608695652175
0.228,0.16,273.2083333333333
0.229,0.16,252.1
0.23,0.16,381.85714285714283
0.231,0.16,255.6315789473684
0.232,0.16,285.625
0.233,0.16,295.625
0.234,0.16,209.16666666666666
0.235,0.16,245.0625
0.236,0.16,237.22222222222223
0.237,0.16,266.64
0.238,0.16,303.46153846153845
0.239,0.16,210.42857142857142
0.24,0.16,216.2
0.241,0.16,367.5625
0.242,0.16,249.375
0.243,0.16,289.5
0.244,0.16,252.76470588235293
0.245,0.16,276.85714285714283
0.246,0.16,418.45454545454544
0.247,0.16,325.4
0.248,0.16,244.1851851851852
0.249,0.16,219.0952380952381
0.25,0.16,488.75
0.251,0.16,232.5
0.252,0.16,417.70588235294116
0.253,0.16,324.6
0.254,0.16,353.0625
0.255,0.16,260.9375
0.256,0.16,289.72222222222223
0.257,0.16,509.0
0.258,0.16,193.0952380952381
0.259,0.16,239.88888888888889
0.26,0.16,326.3333333333333
0.261,0.16,197.41176470588235
0.262,0.16,202.85714285714286
0.263,0.16,238.88235294117646
0.264,0.16,363.3809523809524
0.265,0.16,198.72222222222223
0.266,0.16,229.1875
0.267,0.16,239.8181818181818
0.268,0.16,280.89473684210526
0.269,0.16,280.6470588235294
0.27,0.16,444.2307692307692
0.271,0.16,444.45
0.272,0.16,188.86363636363637
0.273,0.16,228.35294117647058
0.274,0.16,116.11764705882354
0.275,0.16,389.6
0.276,0.16,267.625
0.277,0.16,210.6875
0.278,0.16,324.25
0.279,0.16,227.5625
0.28,0.16,509.3333333333333
0.281,0.16,228.46666666666667
0.282,0.16,252.2173913043478
0.283,0.16,196.77777777777777
0.284,0.16,275.5
0.285,0.16,279.0
0.286,0.16,422.3076923076923
0.287,0.16,149.42857142857142
0.288,0.16,381.5
0.289,0.16,176.0
0.29,0.16,365.5
0.291,0.16,145.91666666666666
0.292,0.16,265.3157894736842
0.293,0.16,208.33333333333334
0.294,0.16,360.7692307692308
0.295,0.16,359.14285714285717
0.296,0.16,345.1666666666667
0.297,0.16,348.0
0.298,0.16,213.3125
0.299,0.16,137.26666666666668
0.3,0.16,244.66666666666666
0.301,0.16,154.63636363636363
0.302,0.16,133.5
0.303,0.16,169.15384615384616
0.304,0.16,355.75
0.305,0.16,275.0
0.306,0.16,313.22222222222223
0.307,0.16,315.8888888888889
0.308,0.16,311.3333333333333
0.309,0.16,214.375
0.31,0.16,457.55555555555554
0.311,0.16,373.6111111111111
0.312,0.16,513.5454545454545
0.313,0.16,164.9090909090909
0.314,0.16,317.90909090909093
0.315,0.16,97.375
0.316,0.16,301.0
0.317,0.16,107.71428571428571
0.318,0.16,340.25
0.319,0.16,369.15384615384613
0.32,0.16,392.0
0.321,0.16,226.21428571428572
0.322,0.16,143.66666666666666
0.323,0.16,334.0
0.324,0.16,286.6666666666667
0.325,0.16,213.83333333333334
0.326,0.16,265.38461538461536
0.327,0.16,197.07692307692307
0.328,0.16,291.8333333333333
0.329,0.16,217.63636363636363
0.33,0.16,153.85714285714286
0.331,0.16,160.69230769230768
0.332,0.16,60.0
0.333,0.16,169.0
0.334,0.16,238.0909090909091
0.335,0.16,365.6666666666667
0.336,0.16,303.6666666666667
0.337,0.16,336.875
0.338,0.16,215.44444444444446
0.339,0.16,221.55555555555554
0.34,0.16,111.42857142857143
0.341,0.16,394.85714285714283
0.342,0.16,151.28571428571428
0.343,0.16,101.0
0.344,0.16,153.71428571428572
0.345,0.16,105.5
0.346,0.16,226.42857142857142
0.347,0.16,192.33333333333334
0.348,0.16,130.71428571428572
0.349,0.16,148.85714285714286
0.35,0.16,450.8333333333333
0.351,0.16,226.0
0.352,0.16,392.9
0.353,0.16,298.75
0.354,0.16,318.2857142857143
0.355,0.16,277.875
0.356,0.16,92.0
0.357,0.16,317.57142857142856
0.358,0.16,218.0
0.359,0.16,182.11111111111111
0.36,0.16,124.85714285714286
0.361,0.16,237.25
0.362,0.16,190.1
0.363,0.16,128.0
0.364,0.16,252.57142857142858
0.365,0.16,117.3
0.366,0.16,210.625
0.367,0.16,164.42857142857142
0.368,0.16,79.4
0.369,0.16,153.85714285714286
0.37,0.16,149.0
0.371,0.16,157.85714285714286
0.372,0.16,133.0
0.373,0.16,241.85714285714286
0.374,0.16,461.57142857142856
0.375,0.16,87.33333333333333
0.376,0.16,213.2
0.377,0.16,86.0
0.378,0.16,156.0
0.379,0.16,118.0
0.38,0.16,168.0
0.381,0.16,141.5
0.382,0.16,311.3333333333333
0.383,0.16,106.0
0.384,0.16,62.0
0.385,0.16,153.75
0.386,0.16,99.0
0.387,0.16,144.25
0.388,0.16,117.0
0.389,0.16,159.8
0.391,0.16,601.0
0.392,0.16,232.66666666666666
0.393,0.16,76.33333333333333
0.394,0.16,86.0
0.395,0.16,131.0
0.396,0.16,284.0
0.397,0.16,84.0
0.398,0.16,463.75
0.399,0.16,376.5
0.4,0.16,182.5
0.05,0.17,699.2
0.051,0.17,175.25
0.052,0.17,306.04545454545456
0.053,0.17,293.4583333333333
0.054,0.17,248.89655172413794
0.055,0.17,199.27777777777777
0.056,0.17,343.2142857142857
0.057,0.17,181.14814814814815
0.058,0.17,166.85
0.059,0.17,276.0263157894737
0.06,0.17,184.0810810810811
0.061,0.17,202.2439024390244
0.062,0.17,216.67441860465115
0.063,0.17,274.0
0.064,0.17,190.20408163265307
0.065,0.17,260.7142857142857
0.066,0.17,210.19148936170214
0.067,0.17,223.61702127659575
0.068,0.17,228.95238095238096
0.069,0.17,237.20754716981133
0.07,0.17,210.29032258064515
0.071,0.17,208.46938775510205
0.072,0.17,232.53703703703704
0.073,0.17,158.34615384615384
0.074,0.17,251.48979591836735
0.075,0.17,196.63636363636363
0.076,0.17,195.16949152542372
0.077,0.17,181.95454545454547
0.078,0.17,234.30769230769232
0.079,0.17,203.27659574468086
0.08,0.17,246.65217391304347
0.081,0.17,228.45
0.082,0.17,271.52830188679246
0.083,0.17,234.01724137931035
0.084,0.17,220.41666666666666
0.085,0.17,213.0
0.086,0.17,268.4634146341463
0.087,0.17,251.0
0.088,0.17,227.3095238095238
0.089,0.17,297.74468085106383
0.09,0.17,208.0
0.091,0.17,137.54545454545453
0.092,0.17,214.85365853658536
0.093,0.17,184.31914893617022
0.094,0.17,284.6829268292683
0.095,0.17,246.31428571428572
0.096,0.17,237.525
0.097,0.17,238.33333333333334
0.098,0.17,259.93333333333334
0.099,0.17,256.8958333333333
0.1,0.17,262.6296296296296
0.101,0.17,192.9795918367347
0.102,0.17,250.975
0.103,0.17,276.3170731707317
0.104,0.17,247.04
0.105,0.17,260.9756097560976
0.106,0.17,263.51063829787233
0.107,0.17,289.27906976744185
0.108,0.17,169.71794871794873
0.109,0.17,182.58620689655172
0.11,0.17,240.8918918918919
0.111,0.17,189.62790697674419
0.112,0.17,369.97297297297297
0.113,0.17,200.21428571428572
0.114,0.17,229.06896551724137
0.115,0.17,182.6
0.116,0.17,280.0357142857143
0.117,0.17,230.85365853658536
0.118,0.17,204.17391304347825
0.119,0.17,233.1875
0.12,0.17,275.125
0.121,0.17,285.53846153846155
0.122,0.17,162.1875
0.123,0.17,297.55882352941177
0.124,0.17,211.8181818181818
0.125,0.17,316.77272727272725
0.126,0.17,215.2258064516129
0.127,0.17,206.72
0.128,0.17,365.1578947368421
0.129,0.17,302.4594594594595
0.13,0.17,305.6818181818182
0.131,0.17,256.93939393939394
0.132,0.17,231.38095238095238
0.133,0.17,240.05263157894737
0.134,0.17,170.05128205128204
0.135,0.17,203.125
0.136,0.17,274.34375
0.137,0.17,248.85185185185185
0.138,0.17,323.6764705882353
0.139,0.17,241.88888888888889
0.14,0.17,287.0
0.141,0.17,275.8125
0.142,0.17,316.725
0.143,0.17,215.61290322580646
0.144,0.17,292.60714285714283
0.145,0.17,339.84375
0.146,0.17,270.41379310344826
0.147,0.17,236.17391304347825
0.148,0.17,212.9090909090909
0.149,0.17,236.0
0.15,0.17,215.96
0.151,0.17,363.62068965517244
0.152,0.17,235.1290322580645
0.153,0.17,280.2093023255814
0.154,0.17,257.82758620689657
0.155,0.17,287.44444444444446
0.156,0.17,255.48275862068965
0.157,0.17,252.71428571428572
0.158,0.17,171.82608695652175
0.159,0.17,272.2692307692308
0.16,0.17,289.40625
0.161,0.17,298.1923076923077
0.162,0.17,309.9387755102041
0.163,0.17,290.7241379310345
0.164,0.17,197.14705882352942
0.165,0.17,212.42857142857142
0.166,0.17,184.46428571428572
0.167,0.17,379.5925925925926
0.168,0.17,284.3529411764706
0.169,0.17,257.85185185185185
0.17,0.17,227.92592592592592
0.171,0.17,255.88888888888889
0.172,0.17,253.11764705882354
0.173,0.17,277.9032258064516
0.174,0.17,307.6341463414634
0.175,0.17,262.5
0.176,0.17,273.1923076923077
0.177,0.17,272.18518518518516
0.178,0.17,162.07692307692307
0.179,0.17,250.4814814814815
0.18,0.17,275.0
0.181,0.17,262.36
0.182,0.17,233.14814814814815
0.183,0.17,355.25714285714287
0.184,0.17,217.68
0.185,0.17,266.05882352941177
0.186,0.17,213.52380952380952
0.187,0.17,274.1875
0.188,0.17,335.47058823529414
0.189,0.17,280.14285714285717
0.19,0.17,183.83333333333334
0.191,0.17,226.4090909090909
0.192,0.17,269.2903225806452
0.193,0.17,227.76666666666668
0.194,0.17,331.0
0.195,0.17,208.8421052631579
0.196,0.17,337.43589743589746
0.197,0.17,240.25925925925927
0.198,0.17,314.9047619047619
0.199,0.17,353.5806451612903
0.2,0.17,221.35714285714286
0.201,0.17,330.6666666666667
0.202,0.17,248.95
0.203,0.17,343.2121212121212
0.204,0.17,301.4074074074074
0.205,0.17,308.53333333333336
0.206,0.17,185.16666666666666
0.207,0.17,297.54545454545456
0.208,0.17,268.2173913043478
0.209,0.17,352.5
0.21,0.17,378.1818181818182
0.211,0.17,165.4
0.212,0.17,211.08333333333334
0.213,0.17,275.44
0.214,0.17,303.61538461538464
0.215,0.17,246.34615384615384
0.216,0.17,328.375
0.217,0.17,273.25
0.218,0.17,224.26666666666668
0.219,0.17,221.3684210526316
0.22,0.17,310.11538461538464
0.221,0.17,352.4166666666667
0.222,0.17,226.15
0.223,0.17,368.27272727272725
0.224,0.17,242.16
0.225,0.17,152.63333333333333
0.226,0.17,219.63636363636363
0.227,0.17,253.54545454545453
0.228,0.17,185.41666666666666
0.229,0.17,207.69565217391303
0.23,0.17,219.8695652173913
0.231,0.17,330.16
0.232,0.17,229.86666666666667
0.233,0.17,273.1764705882353
0.234,0.17,260.12
0.235,0.17,327.15
0.236,0.17,163.1
0.237,0.17,354.3125
0.238,0.17,206.0
0.239,0.17,302.4583333333333
0.24,0.17,199.88235294117646
0.241,0.17,269.6111111111111
0.242,0.17,265.4761904761905
0.243,0.17,192.9047619047619
0.244,0.17,324.3478260869565
0.245,0.17,329.42857142857144
0.246,0.17,253.10526315789474
0.247,0.17,414.6363636363636
0.248,0.17,173.5
0.249,0.17,181.6
0.25,0.17,291.4782608695652
0.251,0.17,260.10526315789474
0.252,0.17,272.17241379310343
0.253,0.17,337.3529411764706
0.254,0.17,206.52631578947367
0.255,0.17,144.625
0.256,0.17,204.23809523809524
0.257,0.17,287.92
0.258,0.17,240.05555555555554
0.259,0.17,165.64705882352942
0.26,0.17,269.7037037037037
0.261,0.17,235.42105263157896
0.262,0.17,188.69230769230768
0.263,0.17,188.41176470588235
0.264,0.17,229.4
0.265,0.17,138.0909090909091
0.266,0.17,157.88235294117646
0.267,0.17,245.83333333333334
0.268,0.17,441.5833333333333
0.269,0.17,293.8666666666667
0.27,0.17,329.1333333333333
0.271,0.17,236.04761904761904
0.272,0.17,326.95238095238096
0.273,0.17,354.05882352941177
0.274,0.17,191.125
0.275,0.17,344.4166666666667
0.276,0.17,341.11764705882354
0.277,0.17,226.76470588235293
0.278,0.17,191.57142857142858
0.279,0.17,379.6
0.28,0.17,291.85714285714283
0.281,0.17,267.22222222222223
0.282,0.17,233.2
0.283,0.17,260.5
0.284,0.17,271.5882352941176
0.285,0.17,272.4375
0.286,0.17,395.9230769230769
0.287,0.17,355.6666666666667
0.288,0.17,292.2631578947368
0.289,0.17,460.6
0.29,0.17,239.15
0.291,0.17,254.88888888888889
0.292,0.17,324.8
0.293,0.17,160.94117647058823
0.294,0.17,293.3333333333333
0.295,0.17,183.1578947368421
0.296,0.17,239.8
0.297,0.17,217.4
0.298,0.17,284.6
0.299,0.17,194.23529411764707
0.3,0.17,280.0
0.301,0.17,215.64285714285714
0.302,0.17,199.73333333333332
0.303,0.17,391.8666666666667
0.304,0.17,229.46153846153845
0.305,0.17,210.25
0.306,0.17,194.76923076923077
0.307,0.17,208.88888888888889
0.308,0.17,249.85714285714286
0.309,0.17,263.26666666666665
0.31,0.17,211.53846153846155
0.311,0.17,346.0
0.312,0.17,148.23076923076923
0.313,0.17,232.36363636363637
0.314,0.17,171.75
0.315,0.17,234.33333333333334
0.316,0.17,114.63636363636364
0.317,0.17,209.7
0.318,0.17,249.71428571428572
0.319,0.17,161.625
0.32,0.17,246.8
0.321,0.17,314.0833333333333
0.322,0.17,169.22222222222223
0.323,0.17,282.0
0.324,0.17,191.63636363636363
0.325,0.17,145.2
0.326,0.17,201.11111111111111
0.327,0.17,136.5
0.328,0.17,191.86666666666667
0.329,0.17,261.6
0.33,0.17,215.11111111111111
0.331,0.17,198.58333333333334
0.332,0.17,333.875
0.333,0.17,379.7142857142857
0.334,0.17,97.42857142857143
0.335,0.17,277.25
0.336,0.17,234.11111111111111
0.337,0.17,251.77777777777777
0.338,0.17,253.55555555555554
0.339,0.17,345.0
0.34,0.17,359.5
0.341,0.17,228.1818181818182
0.342,0.17,195.14285714285714
0.343,0.17,107.0
0.344,0.17,191.57142857142858
0.345,0.17,431.0
0.346,0.17,110.75
0.347,0.17,126.66666666666667
0.348,0.17,143.0909090909091
0.349,0.17,172.125
0.35,0.17,208.14285714285714
0.351,0.17,305.0
0.352,0.17,101.5
0.353,0.17,312.22222222222223
0.354,0.17,100.28571428571429
0.355,0.17,149.3
0.356,0.17,257.3333333333333
0.357,0.17,179.66666666666666
0.358,0.17,127.57142857142857
0.359,0.17,480.2
0.36,0.17,262.3
0.361,0.17,156.125
0.362,0.17,136.33333333333334
0.363,0.17,104.6
0.364,0.17,203.14285714285714
0.365,0.17,154.9090909090909
0.366,0.17,302.3333333333333
0.367,0.17,114.0
0.368,0.17,248.66666666666666
0.369,0.17,239.0
0.37,0.17,225.8
0.371,0.17,256.5
0.372,0.17,373.0
0.373,0.17,128.75
0.374,0.17,217.8181818181818
0.375,0.17,344.3333333333333
0.376,0.17,206.33333333333334
0.377,0.17,137.66666666666666
0.378,0.17,136.33333333333334
0.379,0.17,144.8
0.38,0.17,210.625
0.381,0.17,316.0
0.382,0.17,154.33333333333334
0.383,0.17,127.85714285714286
0.384,0.17,148.85714285714286
0.385,0.17,174.25
0.386,0.17,99.0
0.387,0.17,1416.0
0.388,0.17,143.0
0.389,0.17,85.2
0.39,0.17,107.0
0.391,0.17,226.33333333333334
0.392,0.17,80.0
0.393,0.17,109.66666666666667
0.394,0.17,97.5
0.395,0.17,123.8
0.396,0.17,217.66666666666666
0.397,0.17,72.0
0.398,0.17,62.0
0.399,0.17,104.66666666666667
0.4,0.17,180.25
0.05,0.18,297.54545454545456
0.051,0.18,333.0
0.052,0.18,208.3846153846154
0.053,0.18,500.1111111111111
0.054,0.18,308.6666666666667
0.055,0.18,311.7692307692308
0.056,0.18,277.55172413793105
0.057,0.18,221.74074074074073
0.058,0.18,234.74193548387098
0.059,0.18,274.6578947368421
0.06,0.18,227.05882352941177
0.061,0.18,283.7674418604651
0.062,0.18,317.11764705882354
0.063,0.18,244.2173913043478
0.064,0.18,331.85714285714283
0.065,0.18,278.9111111111111
0.066,0.18,301.29545454545456
0.067,0.18,242.74358974358975
0.068,0.18,196.81578947368422
0.069,0.18,223.10416666666666
0.07,0.18,217.0
0.071,0.18,244.72340425531914
0.072,0.18,212.87234042553192
0.073,0.18,263.3478260869565
0.074,0.18,248.5
0.075,0.18,222.91836734693877
0.076,0.18,293.3265306122449
0.077,0.18,256.8076923076923
0.078,0.18,180.9814814814815
0.079,0.18,203.3768115942029
0.08,0.18,247.52272727272728
0.081,0.18,249.08928571428572
0.082,0.18,226.35849056603774
0.083,0.18,318.4255319148936
0.084,0.18,288.2916666666667
0.085,0.18,246.38297872340425
0.086,0.18,302.51162790697674
0.087,0.18,215.0
0.088,0.18,249.86111111111111
0.089,0.18,262.5
0.09,0.18,131.76923076923077
0.091,0.18,217.2608695652174
0.092,0.18,298.5
0.093,0.18,324.84444444444443
0.094,0.18,608.5483870967741
0.095,0.18,240.89473684210526
0.096,0.18,201.75555555555556
0.097,0.18,290.1951219512195
0.098,0.18,382.1621621621622
0.099,0.18,287.6923076923077
0.1,0.18,363.5
0.101,0.18,188.375
0.102,0.18,357.4634146341463
0.103,0.18,266.10869565217394
0.104,0.18,215.51063829787233
0.105,0.18,283.36842105263156
0.106,0.18,282.8
0.107,0.18,223.8846153846154
0.108,0.18,297.2325581395349
0.109,0.18,288.375
0.11,0.18,280.1818181818182
0.111,0.18,259.375
0.112,0.18,314.74074074074076
0.113,0.18,255.69230769230768
0.114,0.18,239.73529411764707
0.115,0.18,272.8285714285714
0.116,0.18,206.125
0.117,0.18,331.375
0.118,0.18,234.8846153846154
0.119,0.18,332.39285714285717
0.12,0.18,196.22727272727272
0.121,0.18,371.54545454545456
0.122,0.18,169.83333333333334
0.123,0.18,226.5
0.124,0.18,392.55555555555554
0.125,0.18,359.04
0.126,0.18,215.83333333333334
0.127,0.18,387.5806451612903
0.128,0.18,260.8666666666667
0.129,0.18,240.0344827586207
0.13,0.18,291.92857142857144
0.131,0.18,252.51612903225808
0.132,0.18,429.95238095238096
0.133,0.18,303.1111111111111
0.134,0.18,281.47222222222223
0.135,0.18,245.34782608695653
0.136,0.18,184.33333333333334
0.137,0.18,187.08
0.138,0.18,331.21875
0.139,0.18,278.0857142857143
0.14,0.18,266.51428571428573
0.141,0.18,304.9259259259259
0.142,0.18,221.94594594594594
0.143,0.18,319.7142857142857
0.144,0.18,265.2352941176471
0.145,0.18,258.6969696969697
0.146,0.18,342.67857142857144
0.147,0.18,137.25
0.148,0.18,349.89473684210526
0.149,0.18,313.3
0.15,0.18,279.38235294117646
0.151,0.18,463.05
0.152,0.18,283.61538461538464
0.153,0.18,186.6451612903226
0.154,0.18,308.89285714285717
0.155,0.18,344.0
0.156,0.18,189.25
0.157,0.18,237.0
0.158,0.18,282.6969696969697
0.159,0.18,227.0
0.16,0.18,437.61290322580646
0.161,0.18,265.0
0.162,0.18,317.41379310344826
0.163,0.18,297.30232558139534
0.164,0.18,234.35897435897436
0.165,0.18,302.0
0.166,0.18,347.79411764705884
0.167,0.18,259.63157894736844
0.168,0.18,389.23809523809524
0.169,0.18,261.43589743589746
0.17,0.18,216.42857142857142
0.171,0.18,277.42105263157896
0.172,0.18,234.32258064516128
0.173,0.18,286.81081081081084
0.174,0.18,278.0408163265306
0.175,0.18,289.77272727272725
0.176,0.18,251.66666666666666
0.177,0.18,226.54545454545453
0.178,0.18,257.0967741935484
0.179,0.18,346.3666666666667
0.18,0.18,369.4230769230769
0.181,0.18,137.75
0.182,0.18,262.0
0.183,0.18,305.5238095238095
0.184,0.18,312.1842105263158
0.185,0.18,337.73333333333335
0.186,0.18,415.12
0.187,0.18,279.5151515151515
0.188,0.18,251.69444444444446
0.189,0.18,425.575
0.19,0.18,231.1764705882353
0.191,0.18,291.3333333333333
0.192,0.18,332.18518518518516
0.193,0.18,290.18518518518516
0.194,0.18,325.1
0.195,0.18,311.14285714285717
0.196,0.18,326.76666666666665
0.197,0.18,248.8918918918919
0.198,0.18,155.85294117647058
0.199,0.18,205.2608695652174
0.2,0.18,300.741935483871
0.201,0.18,198.72
0.202,0.18,180.25
0.203,0.18,331.14285714285717
0.204,0.18,176.7391304347826
0.205,0.18,234.5625
0.206,0.18,291.7096774193548
0.207,0.18,175.03030303030303
0.208,0.18,309.2352941176471
0.209,0.18,280.0
0.21,0.18,303.3703703703704
0.211,0.18,282.65384615384613
0.212,0.18,378.05555555555554
0.213,0.18,251.83333333333334
0.214,0.18,295.2
0.215,0.18,200.3030303030303
0.216,0.18,230.03030303030303
0.217,0.18,332.9142857142857
0.218,0.18,321.4166666666667
0.219,0.18,273.8
0.22,0.18,316.72727272727275
0.221,0.18,245.88
0.222,0.18,235.85185185185185
0.223,0.18,336.4
0.224,0.18,306.85
0.225,0.18,256.5416666666667
0.226,0.18,216.73076923076923
0.227,0.18,226.9047619047619
0.228,0.18,364.2857142857143
0.229,0.18,252.66666666666666
0.23,0.18,217.07692307692307
0.231,0.18,143.84615384615384
0.232,0.18,278.57142857142856
0.233,0.18,218.05882352941177
0.234,0.18,213.25
0.235,0.18,258.4782608695652
0.236,0.18,273.4
0.237,0.18,297.2857142857143
0.238,0.18,200.0952380952381
0.239,0.18,209.66666666666666
0.24,0.18,282.3333333333333
0.241,0.18,345.4230769230769
0.242,0.18,185.94117647058823
0.243,0.18,317.6666666666667
0.244,0.18,284.63157894736844
0.245,0.18,180.11764705882354
0.246,0.18,323.6296296296296
0.247,0.18,236.6875
0.248,0.18,192.88235294117646
0.249,0.18,218.5
0.25,0.18,205.77777777777777
0.251,0.18,241.625
0.252,0.18,217.27777777777777
0.253,0.18,259.5882352941176
0.254,0.18,329.9166666666667
0.255,0.18,248.0
0.256,0.18,246.0
0.257,0.18,418.3181818181818
0.258,0.18,171.46153846153845
0.259,0.18,238.7826086956522
0.26,0.18,206.7391304347826
0.261,0.18,168.25
0.262,0.18,260.95454545454544
0.263,0.18,257.7857142857143
0.264,0.18,241.9047619047619
0.265,0.18,241.13333333333333
0.266,0.18,234.92
0.267,0.18,184.6875
0.268,0.18,301.1
0.269,0.18,215.5625
0.27,0.18,298.6
0.271,0.18,439.8888888888889
0.272,0.18,204.88235294117646
0.273,0.18,185.375
0.274,0.18,327.2
0.275,0.18,264.04761904761904
0.276,0.18,273.7916666666667
0.277,0.18,291.7857142857143
0.278,0.18,367.0
0.279,0.18,251.28571428571428
0.28,0.18,268.5
0.281,0.18,216.1818181818182
0.282,0.18,270.125
0.283,0.18,204.07692307692307
0.284,0.18,294.9166666666667
0.285,0.18,172.0
0.286,0.18,200.9090909090909
0.287,0.18,291.2
0.288,0.18,318.0769230769231
0.289,0.18,363.8333333333333
0.29,0.18,259.27272727272725
0.291,0.18,252.82608695652175
0.292,0.18,274.0
0.293,0.18,169.76470588235293
0.294,0.18,227.16666666666666
0.295,0.18,164.28571428571428
0.296,0.18,337.7857142857143
0.297,0.18,156.4
0.298,0.18,127.95
0.299,0.18,211.71428571428572
0.3,0.18,291.5
0.301,0.18,170.2173913043478
0.302,0.18,322.52941176470586
0.303,0.18,250.0
0.304,0.18,230.0
0.305,0.18,402.8333333333333
0.306,0.18,211.47619047619048
0.307,0.18,496.4
0.308,0.18,353.6363636363636
0.309,0.18,202.33333333333334
0.31,0.18,207.71428571428572
0.311,0.18,271.1818181818182
0.312,0.18,418.0
0.313,0.18,166.0
0.314,0.18,228.1
0.315,0.18,170.14285714285714
0.316,0.18,284.8181818181818
0.317,0.18,310.6
0.318,0.18,248.8
0.319,0.18,389.0
0.32,0.18,207.0
0.321,0.18,361.8
0.322,0.18,157.3
0.323,0.18,174.75
0.324,0.18,163.0
0.325,0.18,181.83333333333334
0.326,0.18,214.5
0.327,0.18,285.25
0.328,0.18,150.88888888888889
0.329,0.18,253.0909090909091
0.33,0.18,150.83333333333334
0.331,0.18,245.0
0.332,0.18,257.6666666666667
0.333,0.18,392.4
0.334,0.18,137.6
0.335,0.18,264.55555555555554
0.336,0.18,229.57142857142858
0.337,0.18,307.125
0.338,0.18,167.6
0.339,0.18,317.45454545454544
0.34,0.18,234.8
0.341,0.18,253.85714285714286
0.342,0.18,221.375
0.343,0.18,176.125
0.344,0.18,154.0
0.345,0.18,250.22222222222223
0.346,0.18,126.85714285714286
0.347,0.18,338.25
0.348,0.18,237.2
0.349,0.18,157.66666666666666
0.35,0.18,163.11111111111111
0.351,0.18,304.2
0.352,0.18,259.0
0.353,0.18,85.25
0.354,0.18,131.4
0.355,0.18,239.44444444444446
0.356,0.18,351.6
0.357,0.18,128.57142857142858
0.358,0.18,170.33333333333334
0.359,0.18,98.4
0.36,0.18,182.0909090909091
0.361,0.18,142.71428571428572
0.362,0.18,189.7
0.363,0.18,106.66666666666667
0.364,0.18,214.8
0.365,0.18,83.85714285714286
0.366,0.18,151.71428571428572
0.367,0.18,272.0
0.368,0.18,180.875
0.369,0.18,114.75
0.37,0.18,174.6
0.371,0.18,113.0
0.372,0.18,179.42857142857142
0.373,0.18,263.0
0.374,0.18,90.5
0.375,0.18,249.6
0.376,0.18,95.6
0.377,0.18,65.0
0.378,0.18,175.25
0.379,0.18,337.5
0.38,0.18,60.333333333333336
0.381,0.18,93.0
0.382,0.18,161.5
0.383,0.18,112.16666666666667
0.384,0.18,90.0
0.385,0.18,236.4
0.386,0.18,333.25
0.387,0.18,162.66666666666666
0.388,0.18,96.66666666666667
0.389,0.18,76.0
0.39,0.18,180.8
0.391,0.18,64.5
0.392,0.18,93.66666666666667
0.393,0.18,195.0
0.394,0.18,75.0
0.395,0.18,90.5
0.396,0.18,95.66666666666667
0.397,0.18,660.0
0.398,0.18,315.0
0.399,0.18,182.0
0.4,0.18,76.66666666666667
0.05,0.19,982.4666666666667
0.051,0.19,211.0
0.052,0.19,302.5
0.053,0.19,381.9166666666667
0.054,0.19,391.53846153846155
0.055,0.19,305.07142857142856
0.056,0.19,290.4347826086956
0.057,0.19,220.5185185185185
0.058,0.19,294.48148148148147
0.059,0.19,211.1851851851852
0.06,0.19,302.54545454545456
0.061,0.19,181.37037037037038
0.062,0.19,304.86206896551727
0.063,0.19,245.84375
0.064,0.19,204.67567567567568
0.065,0.19,259.375
0.066,0.19,293.55555555555554
0.067,0.19,276.46153846153845
0.068,0.19,185.5609756097561
0.069,0.19,227.7872340425532
0.07,0.19,242.44444444444446
0.071,0.19,205.42857142857142
0.072,0.19,197.33333333333334
0.073,0.19,270.1458333333333
0.074,0.19,250.32
0.075,0.19,306.8139534883721
0.076,0.19,205.3095238095238
0.077,0.19,224.0952380952381
0.078,0.19,247.07142857142858
0.079,0.19,216.7843137254902
0.08,0.19,274.56
0.081,0.19,251.90243902439025
0.082,0.19,286.98387096774195
0.083,0.19,249.2280701754386
0.084,0.19,156.28846153846155
0.085,0.19,274.4047619047619
0.086,0.19,261.7551020408163
0.087,0.19,201.19354838709677
0.088,0.19,232.1315789473684
0.089,0.19,180.74285714285713
0.09,0.19,280.05405405405406
0.091,0.19,292.1
0.092,0.19,310.1818181818182
0.093,0.19,262.9130434782609
0.094,0.19,322.1162790697674
0.095,0.19,341.23809523809524
0.096,0.19,245.7560975609756
0.097,0.19,238.92307692307693
0.098,0.19,328.875
0.099,0.19,336.7291666666667
0.1,0.19,433.7741935483871
0.101,0.19,259.54761904761904
0.102,0.19,275.3783783783784
0.103,0.19,339.5952380952381
0.104,0.19,288.8666666666667
0.105,0.19,210.4848484848485
0.106,0.19,364.1290322580645
0.107,0.19,240.54
0.108,0.19,265.42
0.109,0.19,312.9736842105263
0.11,0.19,281.8965517241379
0.111,0.19,196.94594594594594
0.112,0.19,223.37777777777777
0.113,0.19,299.60526315789474
0.114,0.19,253.40625
0.115,0.19,325.3030303030303
0.116,0.19,373.34285714285716
0.117,0.19,295.6969696969697
0.118,0.19,260.8125
0.119,0.19,253.60526315789474
0.12,0.19,280.6857142857143
0.121,0.19,252.68
0.122,0.19,332.84615384615387
0.123,0.19,247.57575757575756
0.124,0.19,219.83333333333334
0.125,0.19,376.6666666666667
0.126,0.19,439.59090909090907
0.127,0.19,251.61111111111111
0.128,0.19,285.61538461538464
0.129,0.19,360.1666666666667
0.13,0.19,271.75
0.131,0.19,364.9230769230769
0.132,0.19,302.8888888888889
0.133,0.19,257.43333333333334
0.134,0.19,310.7241379310345
0.135,0.19,275.95238095238096
0.136,0.19,310.2
0.137,0.19,236.17142857142858
0.138,0.19,241.3181818181818
0.139,0.19,255.28947368421052
0.14,0.19,278.5483870967742
0.141,0.19,305.97727272727275
0.142,0.19,210.96969696969697
0.143,0.19,239.94444444444446
0.144,0.19,296.03333333333336
0.145,0.19,256.79487179487177
0.146,0.19,393.8965517241379
0.147,0.19,338.46875
0.148,0.19,349.7083333333333
0.149,0.19,336.47058823529414
0.15,0.19,254.875
0.151,0.19,393.5
0.152,0.19,259.2352941176471
0.153,0.19,270.63461538461536
0.154,0.19,347.61538461538464
0.155,0.19,307.48387096774195
0.156,0.19,303.2121212121212
0.157,0.19,332.4848484848485
0.158,0.19,318.7241379310345
0.159,0.19,318.2307692307692
0.16,0.19,252.93333333333334
0.161,0.19,348.6857142857143
0.162,0.19,317.3125
0.163,0.19,339.06060606060606
0.164,0.19,229.1764705882353
0.165,0.19,161.62857142857143
0.166,0.19,265.1111111111111
0.167,0.19,204.76315789473685
0.168,0.19,305.1142857142857
0.169,0.19,268.5135135135135
0.17,0.19,187.02857142857144
0.171,0.19,331.69444444444446
0.172,0.19,210.5625
0.173,0.19,173.78787878787878
0.174,0.19,301.46666666666664
0.175,0.19,351.61290322580646
0.176,0.19,273.5151515151515
0.177,0.19,324.95454545454544
0.178,0.19,319.275
0.179,0.19,298.79411764705884
0.18,0.19,381.1
0.181,0.19,260.1666666666667
0.182,0.19,405.6666666666667
0.183,0.19,358.05
0.184,0.19,384.2682926829268
0.185,0.19,311.46875
0.186,0.19,284.04347826086956
0.187,0.19,320.375
0.188,0.19,276.64285714285717
0.189,0.19,311.0
0.19,0.19,275.0740740740741
0.191,0.19,294.36
0.192,0.19,234.5
0.193,0.19,382.8965517241379
0.194,0.19,291.1842105263158
0.195,0.19,199.6153846153846
0.196,0.19,251.0
0.197,0.19,280.8888888888889
0.198,0.19,352.70588235294116
0.199,0.19,194.26829268292684
0.2,0.19,232.84848484848484
0.201,0.19,321.81481481481484
0.202,0.19,296.68
0.203,0.19,367.7241379310345
0.204,0.19,293.4166666666667
0.205,0.19,301.2916666666667
0.206,0.19,284.0769230769231
0.207,0.19,363.02941176470586
0.208,0.19,260.258064516129
0.209,0.19,411.2
0.21,0.19,354.5483870967742
0.211,0.19,266.8
0.212,0.19,237.15
0.213,0.19,481.9428571428571
0.214,0.19,194.0
0.215,0.19,274.85185185185185
0.216,0.19,201.20833333333334
0.217,0.19,247.20833333333334
0.218,0.19,266.1290322580645
0.219,0.19,213.19230769230768
0.22,0.19,268.8888888888889
0.221,0.19,242.8181818181818
0.222,0.19,237.3125
0.223,0.19,277.61290322580646
0.224,0.19,448.28
0.225,0.19,219.44444444444446
0.226,0.19,419.08
0.227,0.19,188.89473684210526
0.228,0.19,152.4
0.229,0.19,321.375
0.23,0.19,285.1666666666667
0.231,0.19,335.4
0.232,0.19,318.7142857142857
0.233,0.19,226.16666666666666
0.234,0.19,314.625
0.235,0.19,199.92
0.236,0.19,363.72
0.237,0.19,265.9130434782609
0.238,0.19,281.7
0.239,0.19,246.7391304347826
0.24,0.19,209.84
0.241,0.19,227.43478260869566
0.242,0.19,306.88461538461536
0.243,0.19,323.7307692307692
0.244,0.19,350.125
0.245,0.19,288.86206896551727
0.246,0.19,224.30434782608697
0.247,0.19,191.17391304347825
0.248,0.19,295.6666666666667
0.249,0.19,416.59090909090907
0.25,0.19,181.33333333333334
0.251,0.19,205.53846153846155
0.252,0.19,260.9230769230769
0.253,0.19,210.94117647058823
0.254,0.19,298.6666666666667
0.255,0.19,286.0357142857143
0.256,0.19,245.33333333333334
0.257,0.19,337.5
0.258,0.19,247.45833333333334
0.259,0.19,435.8333333333333
0.26,0.19,171.05555555555554
0.261,0.19,269.14285714285717
0.262,0.19,223.95833333333334
0.263,0.19,242.95
0.264,0.19,238.69565217391303
0.265,0.19,175.66666666666666
0.266,0.19,187.66666666666666
0.267,0.19,393.5263157894737
0.268,0.19,286.26666666666665
0.269,0.19,259.07142857142856
0.27,0.19,226.05263157894737
0.271,0.19,254.3793103448276
0.272,0.19,236.10526315789474
0.273,0.19,191.64705882352942
0.274,0.19,398.63157894736844
0.275,0.19,364.9375
0.276,0.19,324.76190476190476
0.277,0.19,203.23076923076923
0.278,0.19,205.07692307692307
0.279,0.19,331.15384615384613
0.28,0.19,481.875
0.281,0.19,172.95454545454547
0.282,0.19,323.3333333333333
0.283,0.19,177.125
0.284,0.19,153.33333333333334
0.285,0.19,130.625
0.286,0.19,435.5
0.287,0.19,166.95833333333334
0.288,0.19,180.0
0.289,0.19,244.3
0.29,0.19,133.5
0.291,0.19,280.6
0.292,0.19,263.8421052631579
0.293,0.19,235.6153846153846
0.294,0.19,116.83333333333333
0.295,0.19,193.86666666666667
0.296,0.19,345.8888888888889
0.297,0.19,283.3333333333333
0.298,0.19,218.5
0.299,0.19,214.46153846153845
0.3,0.19,178.3846153846154
0.301,0.19,141.69230769230768
0.302,0.19,214.93333333333334
0.303,0.19,331.55555555555554
0.304,0.19,258.875
0.305,0.19,260.3076923076923
0.306,0.19,411.25
0.307,0.19,354.15384615384613
0.308,0.19,196.1
0.309,0.19,193.0
0.31,0.19,318.5
0.311,0.19,214.0
0.312,0.19,259.70588235294116
0.313,0.19,318.8333333333333
0.314,0.19,117.5
0.315,0.19,249.83333333333334
0.316,0.19,132.66666666666666
0.317,0.19,173.84615384615384
0.318,0.19,310.2
0.319,0.19,207.13333333333333
0.32,0.19,164.7
0.321,0.19,149.75
0.322,0.19,171.0
0.323,0.19,236.58333333333334
0.324,0.19,306.6666666666667
0.325,0.19,472.6666666666667
0.326,0.19,157.5
0.327,0.19,221.0
0.328,0.19,631.0
0.329,0.19,196.16666666666666
0.33,0.19,143.77777777777777
0.331,0.19,196.3
0.332,0.19,320.5
0.333,0.19,282.625
0.334,0.19,357.5
0.335,0.19,278.85714285714283
0.336,0.19,292.1666666666667
0.337,0.19,117.5
0.338,0.19,203.8
0.339,0.19,221.85714285714286
0.34,0.19,196.0
0.341,0.19,185.71428571428572
0.342,0.19,332.85714285714283
0.343,0.19,143.9
0.344,0.19,86.28571428571429
0.345,0.19,209.83333333333334
0.346,0.19,81.4
0.347,0.19,179.8
0.348,0.19,135.5
0.349,0.19,289.6
0.35,0.19,321.25
0.351,0.19,84.85714285714286
0.352,0.19,295.27272727272725
0.353,0.19,249.2
0.354,0.19,177.57142857142858
0.355,0.19,252.2
0.356,0.19,260.0
0.357,0.19,98.0
0.358,0.19,297.25
0.359,0.19,193.85714285714286
0.36,0.19,94.5
0.361,0.19,255.5
0.362,0.19,68.66666666666667
0.363,0.19,503.0
0.364,0.19,325.6666666666667
0.365,0.19,106.63636363636364
0.366,0.19,108.6
0.367,0.19,155.75
0.368,0.19,127.0
0.369,0.19,93.0
0.37,0.19,140.0
0.371,0.19,222.71428571428572
0.372,0.19,234.5
0.373,0.19,249.2
0.374,0.19,127.5
0.375,0.19,214.0
0.376,0.19,93.33333333333333
0.377,0.19,79.0
0.378,0.19,171.33333333333334
0.379,0.19,213.25
0.38,0.19,856.0
0.381,0.19,324.0
0.382,0.19,145.0
0.383,0.19,125.66666666666667
0.384,0.19,202.5
0.385,0.19,157.66666666666666
0.386,0.19,88.8
0.387,0.19,206.0
0.388,0.19,73.0
0.389,0.19,47.0
0.391,0.19,114.33333333333333
0.392,0.19,235.75
0.393,0.19,155.0
0.394,0.19,458.0
0.395,0.19,132.0
0.396,0.19,374.0
0.397,0.19,90.0
0.398,0.19,92.0
0.399,0.19,150.0
0.4,0.19,334.0
