evo rate,enviormentChangeRate,fitness
0.05,0.5,1791.25
0.051,0.5,1894.4736842105262
0.052,0.5,1832.5384615384614
0.053,0.5,1603.6315789473683
0.054,0.5,1705.0
0.055,0.5,1789.8
0.056,0.5,2239.6428571428573
0.057,0.5,1850.7
0.058,0.5,1115.388888888889
0.059,0.5,2204.0
0.06,0.5,1435.2142857142858
0.061,0.5,1578.6923076923076
0.062,0.5,1994.05
0.063,0.5,1220.8947368421052
0.064,0.5,1827.952380952381
0.065,0.5,951.4
0.066,0.5,851.2
0.067,0.5,1749.8
0.068,0.5,2012.923076923077
0.069,0.5,957.0833333333334
0.07,0.5,1526.2142857142858
0.071,0.5,2051.8333333333335
0.072,0.5,1270.857142857143
0.073,0.5,1298.4
0.074,0.5,657.875
0.075,0.5,2065.0
0.076,0.5,1269.1764705882354
0.077,0.5,2082.0
0.078,0.5,2428.222222222222
0.079,0.5,1656.0625
0.08,0.5,1798.6818181818182
0.081,0.5,1663.3076923076924
0.082,0.5,1893.4285714285713
0.083,0.5,1379.0714285714287
0.084,0.5,1346.4
0.085,0.5,1829.0
0.086,0.5,1168.25
0.087,0.5,1694.888888888889
0.088,0.5,1291.3333333333333
0.089,0.5,1866.1333333333334
0.09,0.5,2320.0
0.091,0.5,2372.75
0.092,0.5,1920.0625
0.093,0.5,1821.2222222222222
0.094,0.5,1981.2142857142858
0.095,0.5,2073.6
0.096,0.5,1832.0
0.097,0.5,1758.142857142857
0.098,0.5,939.8888888888889
0.099,0.5,941.2105263157895
0.1,0.5,2235.4615384615386
0.101,0.5,1258.8666666666666
0.102,0.5,1849.0588235294117
0.103,0.5,2230.285714285714
0.104,0.5,1764.9
0.105,0.5,1302.5294117647059
0.106,0.5,1709.8
0.107,0.5,1516.157894736842
0.108,0.5,2305.0
0.109,0.5,2004.4444444444443
0.11,0.5,1151.7058823529412
0.111,0.5,2227.2380952380954
0.112,0.5,1503.235294117647
0.113,0.5,2252.5625
0.114,0.5,1353.25
0.115,0.5,2477.4166666666665
0.116,0.5,2416.75
0.117,0.5,1291.090909090909
0.118,0.5,1274.15
0.119,0.5,1763.4615384615386
0.12,0.5,2800.285714285714
0.121,0.5,2107.909090909091
0.122,0.5,1335.4615384615386
0.123,0.5,845.0
0.124,0.5,2025.6190476190477
0.125,0.5,1365.888888888889
0.126,0.5,1588.8
0.127,0.5,1625.0
0.128,0.5,1864.6666666666667
0.129,0.5,1928.0
0.13,0.5,1955.0
0.131,0.5,1816.5882352941176
0.132,0.5,2496.75
0.133,0.5,1133.157894736842
0.134,0.5,1632.5
0.135,0.5,1759.1764705882354
0.136,0.5,1724.6666666666667
0.137,0.5,2852.6153846153848
0.138,0.5,2059.2272727272725
0.139,0.5,2654.3333333333335
0.14,0.5,1667.2666666666667
0.141,0.5,2085.6
0.142,0.5,1995.2727272727273
0.143,0.5,1353.9285714285713
0.144,0.5,2354.714285714286
0.145,0.5,1907.642857142857
0.146,0.5,2004.875
0.147,0.5,1992.7916666666667
0.148,0.5,1734.8333333333333
0.149,0.5,1833.4827586206898
0.15,0.5,1846.2857142857142
0.151,0.5,1842.8636363636363
0.152,0.5,1995.7368421052631
0.153,0.5,1513.7931034482758
0.154,0.5,2347.909090909091
0.155,0.5,1568.421052631579
0.156,0.5,1471.3333333333333
0.157,0.5,1742.88
0.158,0.5,1780.8181818181818
0.159,0.5,2048.2608695652175
0.16,0.5,2450.0666666666666
0.161,0.5,1530.375
0.162,0.5,1898.12
0.163,0.5,1307.4545454545455
0.164,0.5,1491.5263157894738
0.165,0.5,1768.4761904761904
0.166,0.5,1791.3478260869565
0.167,0.5,1950.15
0.168,0.5,1889.5714285714287
0.169,0.5,2057.5
0.17,0.5,1996.9285714285713
0.171,0.5,1976.4074074074074
0.172,0.5,1710.1666666666667
0.173,0.5,2003.3181818181818
0.174,0.5,1746.642857142857
0.175,0.5,1825.3333333333333
0.176,0.5,1952.0869565217392
0.177,0.5,1851.4761904761904
0.178,0.5,1710.5
0.179,0.5,1807.6666666666667
0.18,0.5,1783.391304347826
0.181,0.5,2196.3571428571427
0.182,0.5,1820.75
0.183,0.5,1884.8846153846155
0.184,0.5,1824.7777777777778
0.185,0.5,1414.5714285714287
0.186,0.5,1624.6666666666667
0.187,0.5,1843.1304347826087
0.188,0.5,1277.0
0.189,0.5,2345.9545454545455
0.19,0.5,2155.8
0.191,0.5,1942.857142857143
0.192,0.5,2307.904761904762
0.193,0.5,1894.5714285714287
0.194,0.5,2164.904761904762
0.195,0.5,1808.5
0.196,0.5,1430.8333333333333
0.197,0.5,1612.6521739130435
0.198,0.5,1744.7727272727273
0.199,0.5,1514.2105263157894
0.2,0.5,2056.08
0.201,0.5,2032.1818181818182
0.202,0.5,2099.2
0.203,0.5,1648.2222222222222
0.204,0.5,2499.8823529411766
0.205,0.5,1425.125
0.206,0.5,2002.0
0.207,0.5,1672.5
0.208,0.5,1825.0689655172414
0.209,0.5,1752.857142857143
0.21,0.5,1364.1538461538462
0.211,0.5,1370.8695652173913
0.212,0.5,2214.866666666667
0.213,0.5,1715.8636363636363
0.214,0.5,1576.1666666666667
0.215,0.5,1214.304347826087
0.216,0.5,1645.7916666666667
0.217,0.5,1399.219512195122
0.218,0.5,1698.2692307692307
0.219,0.5,1513.6470588235295
0.22,0.5,2017.3793103448277
0.221,0.5,1934.8333333333333
0.222,0.5,1554.95
0.223,0.5,1866.9655172413793
0.224,0.5,1826.5833333333333
0.225,0.5,1174.6
0.226,0.5,1720.1538461538462
0.227,0.5,1291.9655172413793
0.228,0.5,1573.6538461538462
0.229,0.5,1347.4615384615386
0.23,0.5,1378.7916666666667
0.231,0.5,1770.9
0.232,0.5,1505.857142857143
0.233,0.5,1491.5714285714287
0.234,0.5,1405.7083333333333
0.235,0.5,1298.1333333333334
0.236,0.5,1408.3478260869565
0.237,0.5,1572.48
0.238,0.5,828.5625
0.239,0.5,1609.4
0.24,0.5,1312.103448275862
0.241,0.5,1582.1153846153845
0.242,0.5,1342.4705882352941
0.243,0.5,1408.1666666666667
0.244,0.5,1370.3157894736842
0.245,0.5,1287.9411764705883
0.246,0.5,1545.7272727272727
0.247,0.5,1144.05
0.248,0.5,1083.8
0.249,0.5,1326.0
0.25,0.5,1737.8666666666666
0.251,0.5,1105.7727272727273
0.252,0.5,1402.3703703703704
0.253,0.5,1031.6153846153845
0.254,0.5,863.55
0.255,0.5,1298.8947368421052
0.256,0.5,1453.5384615384614
0.257,0.5,760.578947368421
0.258,0.5,987.6
0.259,0.5,1131.1052631578948
0.26,0.5,899.1333333333333
0.261,0.5,701.3636363636364
0.262,0.5,1336.3076923076924
0.263,0.5,550.3333333333334
0.264,0.5,1202.8181818181818
0.265,0.5,1037.7333333333333
0.266,0.5,737.6
0.267,0.5,1064.1666666666667
0.268,0.5,585.5333333333333
0.269,0.5,1158.1666666666667
0.27,0.5,926.8125
0.271,0.5,1541.8181818181818
0.272,0.5,940.4375
0.273,0.5,818.1052631578947
0.274,0.5,959.6666666666666
0.275,0.5,608.4705882352941
0.276,0.5,812.3333333333334
0.277,0.5,762.0625
0.278,0.5,742.5384615384615
0.279,0.5,1124.142857142857
0.28,0.5,566.3
0.281,0.5,781.0
0.282,0.5,877.4285714285714
0.283,0.5,1153.3157894736842
0.284,0.5,579.8181818181819
0.285,0.5,1331.111111111111
0.286,0.5,823.1818181818181
0.287,0.5,475.8
0.288,0.5,618.6666666666666
0.289,0.5,572.7692307692307
0.29,0.5,838.875
0.291,0.5,615.5
0.292,0.5,231.125
0.293,0.5,858.8888888888889
0.294,0.5,438.25
0.295,0.5,199.3
0.296,0.5,759.4
0.297,0.5,776.25
0.298,0.5,418.5
0.299,0.5,739.375
0.3,0.5,477.25
0.301,0.5,235.625
0.302,0.5,344.3636363636364
0.303,0.5,608.0
0.304,0.5,337.27272727272725
0.305,0.5,663.8333333333334
0.306,0.5,300.77777777777777
0.307,0.5,1070.5714285714287
0.308,0.5,623.2
0.309,0.5,657.4
0.31,0.5,253.9090909090909
0.311,0.5,843.2857142857143
0.312,0.5,442.25
0.313,0.5,626.1428571428571
0.314,0.5,419.2857142857143
0.315,0.5,320.1333333333333
0.316,0.5,541.4
0.317,0.5,278.2
0.318,0.5,225.14285714285714
0.319,0.5,414.72727272727275
0.32,0.5,310.77777777777777
0.321,0.5,537.5
0.322,0.5,538.125
0.323,0.5,425.625
0.324,0.5,269.2857142857143
0.325,0.5,295.0
0.326,0.5,203.5
0.327,0.5,339.73333333333335
0.328,0.5,351.0
0.329,0.5,249.66666666666666
0.33,0.5,495.8
0.331,0.5,306.0
0.332,0.5,415.75
0.333,0.5,227.125
0.334,0.5,339.6666666666667
0.335,0.5,386.3333333333333
0.336,0.5,738.875
0.337,0.5,442.14285714285717
0.338,0.5,504.42857142857144
0.339,0.5,301.375
0.34,0.5,175.33333333333334
0.341,0.5,454.3333333333333
0.342,0.5,739.5833333333334
0.343,0.5,432.1666666666667
0.344,0.5,369.8888888888889
0.345,0.5,206.0
0.346,0.5,392.14285714285717
0.347,0.5,475.75
0.348,0.5,477.1666666666667
0.349,0.5,261.55555555555554
0.35,0.5,306.5
0.351,0.5,239.0
0.352,0.5,139.8
0.353,0.5,265.0
0.354,0.5,551.7777777777778
0.355,0.5,240.75
0.356,0.5,169.4
0.357,0.5,103.0
0.358,0.5,764.1428571428571
0.359,0.5,616.4444444444445
0.36,0.5,217.0
0.361,0.5,218.0
0.362,0.5,146.5
0.363,0.5,295.2857142857143
0.364,0.5,91.33333333333333
0.365,0.5,214.71428571428572
0.366,0.5,301.3333333333333
0.367,0.5,145.57142857142858
0.368,0.5,399.0
0.369,0.5,306.8
0.37,0.5,139.71428571428572
0.371,0.5,361.875
0.372,0.5,186.0
0.373,0.5,692.5714285714286
0.374,0.5,189.33333333333334
0.375,0.5,216.33333333333334
0.376,0.5,330.1111111111111
0.377,0.5,542.4
0.378,0.5,202.3
0.379,0.5,315.625
0.38,0.5,444.0
0.381,0.5,97.25
0.382,0.5,270.3333333333333
0.383,0.5,278.0
0.384,0.5,185.33333333333334
0.385,0.5,197.66666666666666
0.386,0.5,363.0
0.387,0.5,154.0
0.388,0.5,125.72727272727273
0.389,0.5,193.0
0.39,0.5,173.25
0.391,0.5,254.0
0.392,0.5,197.375
0.393,0.5,176.0
0.394,0.5,107.5
0.395,0.5,148.14285714285714
0.396,0.5,293.6
0.397,0.5,188.625
0.398,0.5,223.8
0.399,0.5,201.0
0.4,0.5,62.0
0.05,1.0,2090.875
0.051,1.0,2024.5238095238096
0.052,1.0,1411.4666666666667
0.053,1.0,1726.0434782608695
0.054,1.0,1419.8181818181818
0.055,1.0,1756.695652173913
0.056,1.0,1355.3103448275863
0.057,1.0,1925.3076923076924
0.058,1.0,1529.8235294117646
0.059,1.0,1612.111111111111
0.06,1.0,1646.25
0.061,1.0,1375.0
0.062,1.0,1601.0
0.063,1.0,1695.0588235294117
0.064,1.0,1806.7826086956522
0.065,1.0,1778.84
0.066,1.0,1452.142857142857
0.067,1.0,2057.653846153846
0.068,1.0,1842.4444444444443
0.069,1.0,1516.7222222222222
0.07,1.0,2326.5625
0.071,1.0,1635.2
0.072,1.0,2149.0588235294117
0.073,1.0,1619.7222222222222
0.074,1.0,1968.4137931034484
0.075,1.0,1661.3529411764705
0.076,1.0,1773.2105263157894
0.077,1.0,1701.962962962963
0.078,1.0,2315.35
0.079,1.0,1087.3333333333333
0.08,1.0,2159.318181818182
0.081,1.0,1830.6875
0.082,1.0,2215.8823529411766
0.083,1.0,1795.4615384615386
0.084,1.0,1829.357142857143
0.085,1.0,1691.7692307692307
0.086,1.0,1610.642857142857
0.087,1.0,2037.5714285714287
0.088,1.0,2585.1111111111113
0.089,1.0,1865.7368421052631
0.09,1.0,2085.0
0.091,1.0,1773.3157894736842
0.092,1.0,2336.8125
0.093,1.0,2070.8823529411766
0.094,1.0,2116.777777777778
0.095,1.0,2036.75
0.096,1.0,2045.875
0.097,1.0,2404.8333333333335
0.098,1.0,2487.5333333333333
0.099,1.0,2145.375
0.1,1.0,2447.35
0.101,1.0,1754.695652173913
0.102,1.0,2359.4736842105262
0.103,1.0,2657.12
0.104,1.0,2435.6
0.105,1.0,2552.8
0.106,1.0,1936.5454545454545
0.107,1.0,2800.75
0.108,1.0,2430.035714285714
0.109,1.0,2504.529411764706
0.11,1.0,1971.8333333333333
0.111,1.0,2242.222222222222
0.112,1.0,2220.5384615384614
0.113,1.0,2018.4375
0.114,1.0,2113.809523809524
0.115,1.0,1910.25
0.116,1.0,2014.3684210526317
0.117,1.0,2267.0
0.118,1.0,1640.0
0.119,1.0,1947.0
0.12,1.0,2590.157894736842
0.121,1.0,2240.75
0.122,1.0,2799.157894736842
0.123,1.0,1683.6153846153845
0.124,1.0,2227.214285714286
0.125,1.0,3123.9166666666665
0.126,1.0,2686.285714285714
0.127,1.0,2526.7083333333335
0.128,1.0,2450.5789473684213
0.129,1.0,2212.5333333333333
0.13,1.0,2273.818181818182
0.131,1.0,2060.0
0.132,1.0,2890.4166666666665
0.133,1.0,2238.3684210526317
0.134,1.0,2504.3529411764707
0.135,1.0,1755.0
0.136,1.0,2546.6363636363635
0.137,1.0,2307.3333333333335
0.138,1.0,2660.294117647059
0.139,1.0,2765.0
0.14,1.0,2985.5714285714284
0.141,1.0,1393.8
0.142,1.0,2265.3
0.143,1.0,2177.12
0.144,1.0,2418.1363636363635
0.145,1.0,2521.4074074074074
0.146,1.0,2114.277777777778
0.147,1.0,1754.4
0.148,1.0,1681.2666666666667
0.149,1.0,2431.5238095238096
0.15,1.0,1552.875
0.151,1.0,2048.9411764705883
0.152,1.0,2634.55
0.153,1.0,2293.5333333333333
0.154,1.0,1765.5
0.155,1.0,2767.230769230769
0.156,1.0,2320.315789473684
0.157,1.0,2051.2608695652175
0.158,1.0,2088.0625
0.159,1.0,2467.85
0.16,1.0,2981.8571428571427
0.161,1.0,2118.3529411764707
0.162,1.0,2287.3703703703704
0.163,1.0,2222.625
0.164,1.0,1947.15
0.165,1.0,2098.8947368421054
0.166,1.0,2505.9523809523807
0.167,1.0,2312.705882352941
0.168,1.0,1944.1923076923076
0.169,1.0,2306.6470588235293
0.17,1.0,2029.4444444444443
0.171,1.0,2436.875
0.172,1.0,1829.148148148148
0.173,1.0,2517.6666666666665
0.174,1.0,1964.3125
0.175,1.0,2300.3125
0.176,1.0,2130.714285714286
0.177,1.0,2558.65
0.178,1.0,2301.7272727272725
0.179,1.0,2197.0555555555557
0.18,1.0,2371.6111111111113
0.181,1.0,2626.2916666666665
0.182,1.0,1898.095238095238
0.183,1.0,2241.0285714285715
0.184,1.0,2202.35
0.185,1.0,2358.3333333333335
0.186,1.0,2174.8260869565215
0.187,1.0,2235.0434782608695
0.188,1.0,2070.4545454545455
0.189,1.0,2499.4761904761904
0.19,1.0,2305.823529411765
0.191,1.0,2354.8695652173915
0.192,1.0,2319.6666666666665
0.193,1.0,2038.2916666666667
0.194,1.0,1938.578947368421
0.195,1.0,2563.1111111111113
0.196,1.0,2173.25
0.197,1.0,2532.3636363636365
0.198,1.0,2053.6666666666665
0.199,1.0,1756.0
0.2,1.0,2610.086956521739
0.201,1.0,2114.095238095238
0.202,1.0,2844.3
0.203,1.0,2138.9655172413795
0.204,1.0,1989.235294117647
0.205,1.0,2433.4347826086955
0.206,1.0,2528.315789473684
0.207,1.0,2187.0833333333335
0.208,1.0,2255.52
0.209,1.0,2494.8
0.21,1.0,2128.217391304348
0.211,1.0,2056.3928571428573
0.212,1.0,1623.8333333333333
0.213,1.0,2333.8076923076924
0.214,1.0,2343.5
0.215,1.0,2154.7916666666665
0.216,1.0,2410.7727272727275
0.217,1.0,2533.5
0.218,1.0,2236.8823529411766
0.219,1.0,1891.1904761904761
0.22,1.0,1769.75
0.221,1.0,2179.6875
0.222,1.0,1894.3
0.223,1.0,1995.7083333333333
0.224,1.0,2425.304347826087
0.225,1.0,1741.3636363636363
0.226,1.0,1688.7586206896551
0.227,1.0,2389.157894736842
0.228,1.0,1798.6190476190477
0.229,1.0,1758.5625
0.23,1.0,2141.9615384615386
0.231,1.0,1785.8947368421052
0.232,1.0,1797.3793103448277
0.233,1.0,1798.7142857142858
0.234,1.0,1350.142857142857
0.235,1.0,1459.8823529411766
0.236,1.0,1573.7391304347825
0.237,1.0,1260.2
0.238,1.0,1556.7777777777778
0.239,1.0,2360.733333333333
0.24,1.0,2076.0
0.241,1.0,1950.35
0.242,1.0,1303.7894736842106
0.243,1.0,1771.0
0.244,1.0,1741.2777777777778
0.245,1.0,1811.590909090909
0.246,1.0,773.4166666666666
0.247,1.0,1753.8666666666666
0.248,1.0,1575.4545454545455
0.249,1.0,2090.529411764706
0.25,1.0,2182.1428571428573
0.251,1.0,1714.35
0.252,1.0,1989.4545454545455
0.253,1.0,1581.2222222222222
0.254,1.0,1392.076923076923
0.255,1.0,2014.2857142857142
0.256,1.0,1433.9565217391305
0.257,1.0,1416.9333333333334
0.258,1.0,1830.375
0.259,1.0,2456.6363636363635
0.26,1.0,1379.75
0.261,1.0,1640.05
0.262,1.0,1566.5555555555557
0.263,1.0,2540.25
0.264,1.0,1431.2142857142858
0.265,1.0,1444.625
0.266,1.0,1068.5
0.267,1.0,1546.111111111111
0.268,1.0,1921.2142857142858
0.269,1.0,1554.625
0.27,1.0,1299.4444444444443
0.271,1.0,1721.6875
0.272,1.0,1180.909090909091
0.273,1.0,1128.7692307692307
0.274,1.0,943.1818181818181
0.275,1.0,1877.7692307692307
0.276,1.0,1707.5
0.277,1.0,1147.7692307692307
0.278,1.0,1280.25
0.279,1.0,1501.5
0.28,1.0,1446.5
0.281,1.0,1896.9
0.282,1.0,1292.2307692307693
0.283,1.0,1595.6
0.284,1.0,824.0909090909091
0.285,1.0,1152.4615384615386
0.286,1.0,1650.1
0.287,1.0,1035.1
0.288,1.0,561.5
0.289,1.0,587.5714285714286
0.29,1.0,1566.3333333333333
0.291,1.0,664.3636363636364
0.292,1.0,1285.0
0.293,1.0,1330.2
0.294,1.0,1719.7
0.295,1.0,558.2857142857143
0.296,1.0,1454.4615384615386
0.297,1.0,2009.6
0.298,1.0,1427.75
0.299,1.0,1532.0833333333333
0.3,1.0,1949.1666666666667
0.301,1.0,792.3333333333334
0.302,1.0,825.0
0.303,1.0,1539.5454545454545
0.304,1.0,2497.3
0.305,1.0,864.75
0.306,1.0,690.0
0.307,1.0,447.0
0.308,1.0,1298.7142857142858
0.309,1.0,1119.7777777777778
0.31,1.0,1040.375
0.311,1.0,1297.8181818181818
0.312,1.0,1389.1
0.313,1.0,588.3636363636364
0.314,1.0,1177.25
0.315,1.0,1133.6923076923076
0.316,1.0,917.5
0.317,1.0,743.875
0.318,1.0,1082.5
0.319,1.0,677.5555555555555
0.32,1.0,750.2857142857143
0.321,1.0,245.77777777777777
0.322,1.0,687.0
0.323,1.0,640.0
0.324,1.0,682.625
0.325,1.0,912.4285714285714
0.326,1.0,3500.0
0.327,1.0,990.5
0.328,1.0,1276.6666666666667
0.329,1.0,1327.25
0.33,1.0,318.0
0.331,1.0,424.0
0.332,1.0,344.22222222222223
0.333,1.0,213.75
0.334,1.0,825.3636363636364
0.335,1.0,609.2
0.336,1.0,2040.0
0.337,1.0,1027.7777777777778
0.338,1.0,661.125
0.339,1.0,1798.0
0.34,1.0,2318.6
0.341,1.0,763.4285714285714
0.342,1.0,1619.5714285714287
0.343,1.0,1151.3636363636363
0.344,1.0,1008.2
0.345,1.0,168.6
0.346,1.0,1026.7272727272727
0.347,1.0,219.0
0.348,1.0,279.0
0.349,1.0,546.0
0.35,1.0,669.5833333333334
0.351,1.0,830.2857142857143
0.352,1.0,140.11111111111111
0.353,1.0,329.0
0.354,1.0,645.0769230769231
0.355,1.0,227.125
0.356,1.0,1212.875
0.357,1.0,899.6666666666666
0.358,1.0,18.333333333333332
0.359,1.0,864.2
0.36,1.0,1032.0
0.361,1.0,525.8571428571429
0.362,1.0,132.4
0.363,1.0,359.1666666666667
0.364,1.0,246.0
0.365,1.0,318.77777777777777
0.366,1.0,672.4545454545455
0.367,1.0,1784.0
0.368,1.0,153.2
0.369,1.0,1310.7777777777778
0.37,1.0,286.6666666666667
0.371,1.0,146.0
0.372,1.0,143.66666666666666
0.373,1.0,661.8333333333334
0.374,1.0,653.5555555555555
0.375,1.0,809.7142857142857
0.376,1.0,132.33333333333334
0.377,1.0,585.0
0.378,1.0,831.6666666666666
0.379,1.0,1003.0
0.38,1.0,298.25
0.381,1.0,1142.75
0.382,1.0,1619.6666666666667
0.383,1.0,350.2
0.384,1.0,165.5
0.385,1.0,393.3333333333333
0.386,1.0,138.25
0.387,1.0,789.4
0.388,1.0,532.2222222222222
0.389,1.0,155.0
0.39,1.0,94.75
0.391,1.0,1335.6666666666667
0.392,1.0,290.25
0.393,1.0,420.42857142857144
0.394,1.0,210.66666666666666
0.395,1.0,990.1666666666666
0.396,1.0,195.0
0.397,1.0,432.6666666666667
0.398,1.0,176.42857142857142
0.399,1.0,405.5
0.4,1.0,208.75
0.05,1.5,1080.0
0.051,1.5,1572.6666666666667
0.052,1.5,1673.611111111111
0.053,1.5,2112.842105263158
0.054,1.5,2313.3846153846152
0.055,1.5,1393.0555555555557
0.056,1.5,1548.0555555555557
0.057,1.5,1654.7
0.058,1.5,1724.8125
0.059,1.5,1698.4705882352941
0.06,1.5,1849.6
0.061,1.5,2540.0714285714284
0.062,1.5,1836.5333333333333
0.063,1.5,1914.6
0.064,1.5,1872.6666666666667
0.065,1.5,1875.25
0.066,1.5,2123.3529411764707
0.067,1.5,2345.1
0.068,1.5,2066.769230769231
0.069,1.5,1316.642857142857
0.07,1.5,1944.5
0.071,1.5,2522.625
0.072,1.5,1872.7619047619048
0.073,1.5,2534.3125
0.074,1.5,1786.0
0.075,1.5,2305.125
0.076,1.5,2019.6666666666667
0.077,1.5,2068.809523809524
0.078,1.5,1899.7727272727273
0.079,1.5,1930.4666666666667
0.08,1.5,1972.7894736842106
0.081,1.5,1947.3181818181818
0.082,1.5,1861.9473684210527
0.083,1.5,2123.9523809523807
0.084,1.5,1766.5
0.085,1.5,1976.2857142857142
0.086,1.5,2139.4761904761904
0.087,1.5,1847.7272727272727
0.088,1.5,2070.0625
0.089,1.5,2396.5555555555557
0.09,1.5,2404.8888888888887
0.091,1.5,2234.764705882353
0.092,1.5,2705.809523809524
0.093,1.5,2439.4545454545455
0.094,1.5,2263.3333333333335
0.095,1.5,1539.625
0.096,1.5,2230.2272727272725
0.097,1.5,2768.125
0.098,1.5,2668.153846153846
0.099,1.5,2599.5384615384614
0.1,1.5,2693.9444444444443
0.101,1.5,2818.6666666666665
0.102,1.5,2384.9375
0.103,1.5,2273.222222222222
0.104,1.5,2334.4285714285716
0.105,1.5,2830.9
0.106,1.5,2596.9411764705883
0.107,1.5,2235.8
0.108,1.5,2517.2105263157896
0.109,1.5,2456.684210526316
0.11,1.5,2530.409090909091
0.111,1.5,2911.782608695652
0.112,1.5,2501.3529411764707
0.113,1.5,2413.6470588235293
0.114,1.5,2636.0
0.115,1.5,2909.294117647059
0.116,1.5,1935.142857142857
0.117,1.5,2478.2083333333335
0.118,1.5,2440.5789473684213
0.119,1.5,2748.5
0.12,1.5,2737.95
0.121,1.5,2742.3846153846152
0.122,1.5,2782.68
0.123,1.5,2346.875
0.124,1.5,2249.8947368421054
0.125,1.5,2631.0625
0.126,1.5,2728.705882352941
0.127,1.5,2913.4166666666665
0.128,1.5,2745.6666666666665
0.129,1.5,2823.315789473684
0.13,1.5,2701.1111111111113
0.131,1.5,2540.3076923076924
0.132,1.5,2982.2631578947367
0.133,1.5,3001.5555555555557
0.134,1.5,2751.470588235294
0.135,1.5,2863.1
0.136,1.5,2501.7727272727275
0.137,1.5,2716.8571428571427
0.138,1.5,2867.6111111111113
0.139,1.5,2558.4210526315787
0.14,1.5,2744.4444444444443
0.141,1.5,3057.5
0.142,1.5,2433.3333333333335
0.143,1.5,2616.6470588235293
0.144,1.5,2821.6666666666665
0.145,1.5,2831.294117647059
0.146,1.5,2561.8333333333335
0.147,1.5,2965.0
0.148,1.5,2507.086956521739
0.149,1.5,2313.2083333333335
0.15,1.5,2934.7916666666665
0.151,1.5,3134.9411764705883
0.152,1.5,2877.7272727272725
0.153,1.5,2444.9285714285716
0.154,1.5,2814.2
0.155,1.5,2440.75
0.156,1.5,2646.64
0.157,1.5,2698.9583333333335
0.158,1.5,2486.2
0.159,1.5,2746.181818181818
0.16,1.5,2594.8823529411766
0.161,1.5,3172.5714285714284
0.162,1.5,2774.222222222222
0.163,1.5,2336.875
0.164,1.5,2742.5925925925926
0.165,1.5,2637.6315789473683
0.166,1.5,2506.25
0.167,1.5,2623.923076923077
0.168,1.5,2627.090909090909
0.169,1.5,2137.0434782608695
0.17,1.5,2966.823529411765
0.171,1.5,2784.809523809524
0.172,1.5,2487.5925925925926
0.173,1.5,2613.5555555555557
0.174,1.5,2900.4285714285716
0.175,1.5,2913.76
0.176,1.5,2526.0526315789475
0.177,1.5,2693.8636363636365
0.178,1.5,2882.315789473684
0.179,1.5,2805.3793103448274
0.18,1.5,2576.3888888888887
0.181,1.5,2772.1666666666665
0.182,1.5,2886.9473684210525
0.183,1.5,2702.4545454545455
0.184,1.5,2647.6153846153848
0.185,1.5,1964.857142857143
0.186,1.5,2968.5
0.187,1.5,2374.6785714285716
0.188,1.5,2641.45
0.189,1.5,2839.5416666666665
0.19,1.5,2508.0384615384614
0.191,1.5,2862.40625
0.192,1.5,2906.92
0.193,1.5,2217.6315789473683
0.194,1.5,2792.8571428571427
0.195,1.5,2889.8
0.196,1.5,2161.65
0.197,1.5,2221.92
0.198,1.5,3078.3684210526317
0.199,1.5,2019.6666666666667
0.2,1.5,2072.6111111111113
0.201,1.5,2774.633333333333
0.202,1.5,2412.5
0.203,1.5,2728.8
0.204,1.5,2562.9473684210525
0.205,1.5,2692.5
0.206,1.5,2815.8214285714284
0.207,1.5,2188.235294117647
0.208,1.5,2786.5625
0.209,1.5,2500.85
0.21,1.5,2790.6470588235293
0.211,1.5,3057.0454545454545
0.212,1.5,3211.695652173913
0.213,1.5,2460.4736842105262
0.214,1.5,2902.5333333333333
0.215,1.5,2352.9523809523807
0.216,1.5,2425.8571428571427
0.217,1.5,2947.3928571428573
0.218,1.5,2491.0
0.219,1.5,2407.0
0.22,1.5,2979.722222222222
0.221,1.5,2586.181818181818
0.222,1.5,2527.3076923076924
0.223,1.5,2664.391304347826
0.224,1.5,2189.2105263157896
0.225,1.5,2768.9375
0.226,1.5,2641.84
0.227,1.5,2230.478260869565
0.228,1.5,2768.185185185185
0.229,1.5,2513.866666666667
0.23,1.5,2676.3333333333335
0.231,1.5,2256.0
0.232,1.5,2729.157894736842
0.233,1.5,2186.8888888888887
0.234,1.5,2591.8888888888887
0.235,1.5,2364.777777777778
0.236,1.5,2307.9545454545455
0.237,1.5,2078.695652173913
0.238,1.5,2398.64
0.239,1.5,2396.5714285714284
0.24,1.5,2625.913043478261
0.241,1.5,2317.1
0.242,1.5,2550.185185185185
0.243,1.5,2223.5
0.244,1.5,1997.4117647058824
0.245,1.5,2837.0625
0.246,1.5,2324.3333333333335
0.247,1.5,2057.1666666666665
0.248,1.5,1591.8695652173913
0.249,1.5,2544.5882352941176
0.25,1.5,2291.1176470588234
0.251,1.5,2488.777777777778
0.252,1.5,2398.4545454545455
0.253,1.5,2316.5625
0.254,1.5,1669.5
0.255,1.5,2485.6
0.256,1.5,1954.05
0.257,1.5,1766.4
0.258,1.5,2400.7368421052633
0.259,1.5,1755.0
0.26,1.5,1996.7272727272727
0.261,1.5,2059.133333333333
0.262,1.5,2123.153846153846
0.263,1.5,2123.75
0.264,1.5,1751.590909090909
0.265,1.5,2856.0526315789475
0.266,1.5,1974.1818181818182
0.267,1.5,1721.6666666666667
0.268,1.5,1146.5
0.269,1.5,2382.0
0.27,1.5,1732.2142857142858
0.271,1.5,2278.133333333333
0.272,1.5,2126.6666666666665
0.273,1.5,1644.6666666666667
0.274,1.5,1722.7619047619048
0.275,1.5,1689.5555555555557
0.276,1.5,1649.375
0.277,1.5,1965.0
0.278,1.5,2024.8461538461538
0.279,1.5,2509.785714285714
0.28,1.5,2141.6363636363635
0.281,1.5,1686.875
0.282,1.5,1869.8095238095239
0.283,1.5,1522.4285714285713
0.284,1.5,2566.777777777778
0.285,1.5,1748.142857142857
0.286,1.5,1909.4
0.287,1.5,2087.5
0.288,1.5,1181.142857142857
0.289,1.5,1835.5
0.29,1.5,1905.0
0.291,1.5,2579.875
0.292,1.5,1845.8
0.293,1.5,1745.642857142857
0.294,1.5,1395.9
0.295,1.5,1129.4
0.296,1.5,539.6666666666666
0.297,1.5,1001.625
0.298,1.5,1380.4375
0.299,1.5,1857.3333333333333
0.3,1.5,1923.875
0.301,1.5,1508.6666666666667
0.302,1.5,1992.875
0.303,1.5,2677.4285714285716
0.304,1.5,1155.3333333333333
0.305,1.5,1721.6
0.306,1.5,2357.625
0.307,1.5,2642.0
0.308,1.5,985.6666666666666
0.309,1.5,1603.7142857142858
0.31,1.5,2063.3
0.311,1.5,1347.125
0.312,1.5,844.875
0.313,1.5,1444.4
0.314,1.5,696.0
0.315,1.5,1250.2857142857142
0.316,1.5,1203.75
0.317,1.5,1137.6
0.318,1.5,853.4285714285714
0.319,1.5,1530.3076923076924
0.32,1.5,682.0
0.321,1.5,355.0
0.322,1.5,1325.0
0.323,1.5,2068.4666666666667
0.324,1.5,2233.75
0.325,1.5,695.5714285714286
0.326,1.5,1656.7777777777778
0.327,1.5,141.33333333333334
0.328,1.5,3500.0
0.33,1.5,804.3333333333334
0.331,1.5,1674.2857142857142
0.332,1.5,1168.1818181818182
0.333,1.5,1059.875
0.334,1.5,1839.6666666666667
0.335,1.5,1128.75
0.336,1.5,1115.625
0.337,1.5,1378.3333333333333
0.338,1.5,2355.3333333333335
0.339,1.5,1372.5
0.34,1.5,1621.875
0.341,1.5,759.0
0.342,1.5,919.6666666666666
0.343,1.5,849.25
0.344,1.5,1655.5714285714287
0.345,1.5,1762.0
0.346,1.5,150.4
0.347,1.5,510.8
0.348,1.5,1485.4
0.349,1.5,1821.0
0.35,1.5,657.4
0.351,1.5,1306.0
0.352,1.5,164.25
0.353,1.5,477.5
0.354,1.5,371.25
0.355,1.5,633.6
0.356,1.5,642.5714285714286
0.357,1.5,486.5
0.358,1.5,712.0
0.359,1.5,335.0
0.36,1.5,1570.8
0.361,1.5,1443.3333333333333
0.362,1.5,1082.0
0.363,1.5,735.5
0.364,1.5,1031.5
0.365,1.5,1251.4285714285713
0.366,1.5,1255.142857142857
0.367,1.5,1864.0
0.368,1.5,841.8
0.369,1.5,377.5
0.37,1.5,327.0
0.371,1.5,1277.1666666666667
0.372,1.5,202.5
0.373,1.5,1449.2
0.374,1.5,310.0
0.375,1.5,1230.2857142857142
0.376,1.5,1252.5
0.377,1.5,618.0
0.378,1.5,157.2
0.379,1.5,651.4285714285714
0.38,1.5,878.6
0.381,1.5,628.7142857142857
0.382,1.5,2374.6666666666665
0.383,1.5,1673.6
0.384,1.5,1303.0
0.385,1.5,425.75
0.387,1.5,3500.0
0.388,1.5,2107.5
0.389,1.5,132.0
0.39,1.5,513.6666666666666
0.391,1.5,125.0
0.392,1.5,695.375
0.393,1.5,182.5
0.394,1.5,1083.25
0.395,1.5,787.0
0.396,1.5,104.5
0.397,1.5,400.5
0.398,1.5,319.0
0.399,1.5,594.875
0.4,1.5,123.0
0.05,2.0,729.0
0.051,2.0,1293.909090909091
0.052,2.0,636.4285714285714
0.053,2.0,1692.6
0.054,2.0,1416.4166666666667
0.055,2.0,935.2727272727273
0.056,2.0,1155.1176470588234
0.057,2.0,1548.5555555555557
0.058,2.0,1706.0833333333333
0.059,2.0,1258.6666666666667
0.06,2.0,2288.0
0.061,2.0,1003.1111111111111
0.062,2.0,1510.7777777777778
0.063,2.0,1540.6
0.064,2.0,1307.7142857142858
0.065,2.0,1805.6
0.066,2.0,1483.8181818181818
0.067,2.0,1300.642857142857
0.068,2.0,1708.75
0.069,2.0,1506.7142857142858
0.07,2.0,1566.5833333333333
0.071,2.0,1358.8461538461538
0.072,2.0,2007.2777777777778
0.073,2.0,1444.7333333333333
0.074,2.0,875.125
0.075,2.0,887.2666666666667
0.076,2.0,1771.8
0.077,2.0,1615.0
0.078,2.0,1297.2666666666667
0.079,2.0,1841.25
0.08,2.0,1850.9285714285713
0.081,2.0,1416.8181818181818
0.082,2.0,1102.5714285714287
0.083,2.0,1660.12
0.084,2.0,1405.4583333333333
0.085,2.0,1733.095238095238
0.086,2.0,1433.2142857142858
0.087,2.0,2021.578947368421
0.088,2.0,1856.5384615384614
0.089,2.0,1969.8333333333333
0.09,2.0,1804.8461538461538
0.091,2.0,1912.4285714285713
0.092,2.0,1444.6666666666667
0.093,2.0,1832.2941176470588
0.094,2.0,2246.5
0.095,2.0,2119.9
0.096,2.0,1786.125
0.097,2.0,1617.3333333333333
0.098,2.0,2278.375
0.099,2.0,2214.222222222222
0.1,2.0,1638.2222222222222
0.101,2.0,2475.7
0.102,2.0,2344.5555555555557
0.103,2.0,2184.3529411764707
0.104,2.0,1955.3333333333333
0.105,2.0,2005.0714285714287
0.106,2.0,1662.36
0.107,2.0,1567.5
0.108,2.0,2040.5882352941176
0.109,2.0,1905.05
0.11,2.0,2565.8333333333335
0.111,2.0,2078.090909090909
0.112,2.0,2861.6666666666665
0.113,2.0,1414.1875
0.114,2.0,2627.0588235294117
0.115,2.0,1932.8333333333333
0.116,2.0,2326.1666666666665
0.117,2.0,2441.6428571428573
0.118,2.0,2186.705882352941
0.119,2.0,1187.0714285714287
0.12,2.0,2588.0
0.121,2.0,1724.6190476190477
0.122,2.0,2121.6153846153848
0.123,2.0,2809.8823529411766
0.124,2.0,2106.3571428571427
0.125,2.0,2045.4285714285713
0.126,2.0,2163.6666666666665
0.127,2.0,3085.8571428571427
0.128,2.0,2579.823529411765
0.129,2.0,2119.684210526316
0.13,2.0,2018.9130434782608
0.131,2.0,2204.1875
0.132,2.0,1542.9285714285713
0.133,2.0,2448.2105263157896
0.134,2.0,2543.285714285714
0.135,2.0,2575.923076923077
0.136,2.0,2395.1481481481483
0.137,2.0,1688.6923076923076
0.138,2.0,2246.4
0.139,2.0,2662.2727272727275
0.14,2.0,2217.4
0.141,2.0,2519.764705882353
0.142,2.0,2358.866666666667
0.143,2.0,2463.75
0.144,2.0,2466.3
0.145,2.0,1756.8235294117646
0.146,2.0,2819.1304347826085
0.147,2.0,2602.2
0.148,2.0,2272.157894736842
0.149,2.0,2405.25
0.15,2.0,2478.375
0.151,2.0,1759.95
0.152,2.0,2571.777777777778
0.153,2.0,2079.2608695652175
0.154,2.0,1814.3125
0.155,2.0,2692.157894736842
0.156,2.0,1841.7727272727273
0.157,2.0,2499.2380952380954
0.158,2.0,3020.5
0.159,2.0,2230.6875
0.16,2.0,2286.4814814814813
0.161,2.0,2557.6111111111113
0.162,2.0,2732.6666666666665
0.163,2.0,2206.3888888888887
0.164,2.0,2392.0
0.165,2.0,2232.0
0.166,2.0,2555.5625
0.167,2.0,2849.076923076923
0.168,2.0,2241.3333333333335
0.169,2.0,2468.4615384615386
0.17,2.0,2463.0
0.171,2.0,2434.782608695652
0.172,2.0,2868.296296296296
0.173,2.0,2304.6
0.174,2.0,1830.7272727272727
0.175,2.0,2154.695652173913
0.176,2.0,2826.3
0.177,2.0,2700.5714285714284
0.178,2.0,2915.2380952380954
0.179,2.0,2523.4285714285716
0.18,2.0,2456.8888888888887
0.181,2.0,2990.3
0.182,2.0,2816.1875
0.183,2.0,1555.1538461538462
0.184,2.0,2092.1363636363635
0.185,2.0,2399.294117647059
0.186,2.0,2840.9411764705883
0.187,2.0,2574.5
0.188,2.0,3079.090909090909
0.189,2.0,2151.6
0.19,2.0,2800.964285714286
0.191,2.0,2893.75
0.192,2.0,2258.5
0.193,2.0,2000.55
0.194,2.0,2173.4761904761904
0.195,2.0,2750.7083333333335
0.196,2.0,2438.535714285714
0.197,2.0,2382.181818181818
0.198,2.0,2550.3636363636365
0.199,2.0,2672.1363636363635
0.2,2.0,2693.478260869565
0.201,2.0,2773.6666666666665
0.202,2.0,2679.5416666666665
0.203,2.0,2111.5185185185187
0.204,2.0,2597.65
0.205,2.0,2602.1176470588234
0.206,2.0,2505.4
0.207,2.0,2359.909090909091
0.208,2.0,2935.1304347826085
0.209,2.0,3165.793103448276
0.21,2.0,1952.5217391304348
0.211,2.0,2680.6470588235293
0.212,2.0,2999.684210526316
0.213,2.0,2954.3125
0.214,2.0,2706.0
0.215,2.0,2224.1666666666665
0.216,2.0,2766.6666666666665
0.217,2.0,2187.5
0.218,2.0,2639.0
0.219,2.0,2145.8636363636365
0.22,2.0,2278.181818181818
0.221,2.0,2560.296296296296
0.222,2.0,2470.6666666666665
0.223,2.0,1937.5714285714287
0.224,2.0,2316.85
0.225,2.0,2630.8571428571427
0.226,2.0,1920.0
0.227,2.0,2777.7619047619046
0.228,2.0,2060.285714285714
0.229,2.0,2247.0625
0.23,2.0,3013.5555555555557
0.231,2.0,2627.5185185185187
0.232,2.0,2269.0666666666666
0.233,2.0,2413.1176470588234
0.234,2.0,2062.1111111111113
0.235,2.0,2219.923076923077
0.236,2.0,2743.206896551724
0.237,2.0,2448.0344827586205
0.238,2.0,2726.153846153846
0.239,2.0,3368.733333333333
0.24,2.0,2846.285714285714
0.241,2.0,2022.7894736842106
0.242,2.0,2639.5789473684213
0.243,2.0,2479.5
0.244,2.0,2904.6923076923076
0.245,2.0,2068.48
0.246,2.0,2002.1538461538462
0.247,2.0,2557.3684210526317
0.248,2.0,2383.85
0.249,2.0,2031.391304347826
0.25,2.0,2453.9333333333334
0.251,2.0,1593.4166666666667
0.252,2.0,2414.6428571428573
0.253,2.0,2234.8571428571427
0.254,2.0,2847.714285714286
0.255,2.0,2435.1666666666665
0.256,2.0,2577.4615384615386
0.257,2.0,1674.2727272727273
0.258,2.0,2789.285714285714
0.259,2.0,1932.5882352941176
0.26,2.0,1636.4444444444443
0.261,2.0,2357.4
0.262,2.0,1635.0
0.263,2.0,1692.357142857143
0.264,2.0,2191.8
0.265,2.0,1977.4285714285713
0.266,2.0,2386.6111111111113
0.267,2.0,2836.705882352941
0.268,2.0,1668.1666666666667
0.269,2.0,2363.0555555555557
0.27,2.0,1474.2857142857142
0.271,2.0,2150.125
0.272,2.0,2051.1428571428573
0.273,2.0,2039.2857142857142
0.274,2.0,1901.9
0.275,2.0,2059.0526315789475
0.276,2.0,1635.3125
0.277,2.0,2426.5833333333335
0.278,2.0,2586.785714285714
0.279,2.0,1738.2666666666667
0.28,2.0,2657.7
0.281,2.0,2001.3157894736842
0.282,2.0,2122.0
0.283,2.0,1826.9333333333334
0.284,2.0,2232.4666666666667
0.285,2.0,1352.857142857143
0.286,2.0,1999.7777777777778
0.287,2.0,2099.3636363636365
0.288,2.0,1636.6923076923076
0.289,2.0,2014.6666666666667
0.29,2.0,1832.7894736842106
0.291,2.0,1939.0
0.292,2.0,1952.611111111111
0.293,2.0,1655.2
0.294,2.0,2040.5
0.295,2.0,1833.111111111111
0.296,2.0,2051.6428571428573
0.297,2.0,1699.2
0.298,2.0,1548.7692307692307
0.299,2.0,2151.4285714285716
0.3,2.0,1696.923076923077
0.301,2.0,2396.4545454545455
0.302,2.0,2533.0
0.303,2.0,2045.0833333333333
0.304,2.0,1856.75
0.305,2.0,1523.75
0.306,2.0,2546.909090909091
0.307,2.0,1131.9
0.308,2.0,2325.6
0.309,2.0,1577.3636363636363
0.31,2.0,1463.8461538461538
0.311,2.0,1633.1666666666667
0.312,2.0,1975.4444444444443
0.313,2.0,1741.142857142857
0.314,2.0,761.2222222222222
0.315,2.0,1715.090909090909
0.316,2.0,2070.4285714285716
0.317,2.0,2362.777777777778
0.318,2.0,1452.8181818181818
0.319,2.0,1353.7142857142858
0.32,2.0,1607.111111111111
0.321,2.0,706.0
0.322,2.0,1314.125
0.323,2.0,1815.142857142857
0.324,2.0,2028.4285714285713
0.325,2.0,1484.5
0.326,2.0,1719.142857142857
0.327,2.0,1515.8333333333333
0.328,2.0,2090.8888888888887
0.329,2.0,1838.125
0.33,2.0,1096.4615384615386
0.331,2.0,1277.7777777777778
0.332,2.0,2304.625
0.333,2.0,1460.2857142857142
0.334,2.0,779.9090909090909
0.335,2.0,1273.5555555555557
0.336,2.0,2126.5454545454545
0.337,2.0,915.0
0.338,2.0,1574.2
0.339,2.0,1915.0
0.34,2.0,1151.5555555555557
0.341,2.0,1247.0
0.342,2.0,1773.6153846153845
0.343,2.0,244.6
0.344,2.0,892.0
0.345,2.0,412.25
0.346,2.0,1101.6666666666667
0.347,2.0,2453.5
0.348,2.0,1040.1818181818182
0.349,2.0,1062.2222222222222
0.35,2.0,1915.0
0.351,2.0,764.2
0.352,2.0,1830.7142857142858
0.353,2.0,2054.222222222222
0.354,2.0,1129.5833333333333
0.355,2.0,1109.0
0.356,2.0,895.0
0.357,2.0,1473.0
0.358,2.0,814.0
0.359,2.0,1751.8461538461538
0.36,2.0,1840.5
0.361,2.0,990.75
0.362,2.0,1118.1666666666667
0.363,2.0,507.6
0.364,2.0,814.3333333333334
0.365,2.0,412.2
0.366,2.0,1144.2222222222222
0.367,2.0,1860.2222222222222
0.368,2.0,1731.0
0.369,2.0,465.77777777777777
0.37,2.0,1820.0
0.371,2.0,214.6
0.372,2.0,1035.375
0.373,2.0,83.5
0.374,2.0,287.4
0.375,2.0,669.8888888888889
0.376,2.0,2371.2
0.377,2.0,232.33333333333334
0.378,2.0,1244.5
0.379,2.0,516.25
0.38,2.0,183.5
0.381,2.0,2215.2
0.382,2.0,1818.0
0.383,2.0,1846.8
0.384,2.0,700.5
0.385,2.0,138.44444444444446
0.386,2.0,1215.8
0.387,2.0,1257.2727272727273
0.388,2.0,887.7692307692307
0.389,2.0,1279.2
0.39,2.0,878.125
0.391,2.0,819.3333333333334
0.392,2.0,1402.8
0.393,2.0,1407.5555555555557
0.394,2.0,433.0
0.395,2.0,552.5
0.396,2.0,319.0
0.397,2.0,318.8333333333333
0.398,2.0,1144.857142857143
0.399,2.0,246.85714285714286
0.05,2.5,579.875
0.051,2.5,853.4285714285714
0.052,2.5,591.75
0.053,2.5,914.9333333333333
0.054,2.5,830.6
0.055,2.5,279.3636363636364
0.056,2.5,791.5294117647059
0.057,2.5,1151.6666666666667
0.058,2.5,613.5
0.059,2.5,648.1176470588235
0.06,2.5,1236.9375
0.061,2.5,615.5833333333334
0.062,2.5,1573.909090909091
0.063,2.5,518.0
0.064,2.5,847.6923076923077
0.065,2.5,793.7692307692307
0.066,2.5,1303.3684210526317
0.067,2.5,687.4
0.068,2.5,487.1111111111111
0.069,2.5,1157.0
0.07,2.5,1007.9285714285714
0.071,2.5,956.8823529411765
0.072,2.5,741.4545454545455
0.073,2.5,1529.875
0.074,2.5,1482.4
0.075,2.5,1977.375
0.076,2.5,766.0588235294117
0.077,2.5,294.6666666666667
0.078,2.5,1717.2666666666667
0.079,2.5,715.3636363636364
0.08,2.5,1361.9
0.081,2.5,656.8
0.082,2.5,1168.7
0.083,2.5,787.875
0.084,2.5,412.0
0.085,2.5,1199.5714285714287
0.086,2.5,941.5
0.087,2.5,1125.7857142857142
0.088,2.5,683.0
0.089,2.5,1375.55
0.09,2.5,666.6666666666666
0.091,2.5,881.4
0.092,2.5,806.3684210526316
0.093,2.5,1536.3636363636363
0.094,2.5,1542.8461538461538
0.095,2.5,1740.5
0.096,2.5,1057.0
0.097,2.5,1891.5555555555557
0.098,2.5,1062.7857142857142
0.099,2.5,883.7142857142857
0.1,2.5,613.4444444444445
0.101,2.5,591.875
0.102,2.5,1420.111111111111
0.103,2.5,884.3571428571429
0.104,2.5,1304.2666666666667
0.105,2.5,441.35714285714283
0.106,2.5,1134.0833333333333
0.107,2.5,785.0769230769231
0.108,2.5,1288.6666666666667
0.109,2.5,487.375
0.11,2.5,1004.6470588235294
0.111,2.5,1253.4117647058824
0.112,2.5,1408.7058823529412
0.113,2.5,1623.3125
0.114,2.5,1225.2857142857142
0.115,2.5,1203.923076923077
0.116,2.5,1714.6666666666667
0.117,2.5,1560.0
0.118,2.5,1412.8461538461538
0.119,2.5,1286.7058823529412
0.12,2.5,1468.3684210526317
0.121,2.5,1372.0666666666666
0.122,2.5,1445.2
0.123,2.5,1064.4285714285713
0.124,2.5,1662.304347826087
0.125,2.5,2129.1666666666665
0.126,2.5,673.9166666666666
0.127,2.5,1385.4444444444443
0.128,2.5,1452.25
0.129,2.5,1276.5
0.13,2.5,2096.4166666666665
0.131,2.5,2279.8333333333335
0.132,2.5,2060.304347826087
0.133,2.5,1223.0588235294117
0.134,2.5,1225.8461538461538
0.135,2.5,1122.5263157894738
0.136,2.5,2054.2727272727275
0.137,2.5,1324.4705882352941
0.138,2.5,1100.35
0.139,2.5,1066.125
0.14,2.5,1115.5454545454545
0.141,2.5,1811.5454545454545
0.142,2.5,1922.4166666666667
0.143,2.5,1719.4583333333333
0.144,2.5,1946.375
0.145,2.5,1595.375
0.146,2.5,701.9411764705883
0.147,2.5,2174.6470588235293
0.148,2.5,1372.8333333333333
0.149,2.5,1640.6315789473683
0.15,2.5,2091.909090909091
0.151,2.5,1075.2
0.152,2.5,1660.235294117647
0.153,2.5,1431.15
0.154,2.5,1916.578947368421
0.155,2.5,1075.0588235294117
0.156,2.5,1911.9166666666667
0.157,2.5,1245.7777777777778
0.158,2.5,1645.4705882352941
0.159,2.5,1841.9375
0.16,2.5,1832.6363636363637
0.161,2.5,1350.9375
0.162,2.5,2000.5714285714287
0.163,2.5,1441.9375
0.164,2.5,1965.2380952380952
0.165,2.5,2030.2666666666667
0.166,2.5,1816.0
0.167,2.5,1332.5714285714287
0.168,2.5,2179.777777777778
0.169,2.5,2369.1111111111113
0.17,2.5,1787.45
0.171,2.5,2228.9583333333335
0.172,2.5,1980.7
0.173,2.5,683.0952380952381
0.174,2.5,2467.25
0.175,2.5,2385.7894736842104
0.176,2.5,2067.214285714286
0.177,2.5,1949.5555555555557
0.178,2.5,1745.9375
0.179,2.5,2113.5882352941176
0.18,2.5,1352.3333333333333
0.181,2.5,2211.294117647059
0.182,2.5,1577.15
0.183,2.5,2329.3333333333335
0.184,2.5,1361.2857142857142
0.185,2.5,1886.4583333333333
0.186,2.5,2386.923076923077
0.187,2.5,1881.157894736842
0.188,2.5,1162.304347826087
0.189,2.5,1434.125
0.19,2.5,2165.6363636363635
0.191,2.5,1853.4166666666667
0.192,2.5,1231.235294117647
0.193,2.5,1828.2307692307693
0.194,2.5,1441.764705882353
0.195,2.5,2110.3333333333335
0.196,2.5,2282.190476190476
0.197,2.5,1866.0
0.198,2.5,2505.3888888888887
0.199,2.5,1618.6666666666667
0.2,2.5,2512.529411764706
0.201,2.5,2115.4210526315787
0.202,2.5,1688.5714285714287
0.203,2.5,2490.608695652174
0.204,2.5,1710.2
0.205,2.5,1645.6666666666667
0.206,2.5,1722.7333333333333
0.207,2.5,2278.1176470588234
0.208,2.5,2355.6875
0.209,2.5,2319.6190476190477
0.21,2.5,1941.904761904762
0.211,2.5,1968.55
0.212,2.5,1519.4
0.213,2.5,1372.2222222222222
0.214,2.5,1331.5
0.215,2.5,1942.9444444444443
0.216,2.5,1426.142857142857
0.217,2.5,1885.36
0.218,2.5,2425.6666666666665
0.219,2.5,1698.6521739130435
0.22,2.5,1616.764705882353
0.221,2.5,2005.5
0.222,2.5,2163.823529411765
0.223,2.5,2089.7
0.224,2.5,2384.2272727272725
0.225,2.5,2355.875
0.226,2.5,2394.0555555555557
0.227,2.5,1683.421052631579
0.228,2.5,2331.1176470588234
0.229,2.5,2008.047619047619
0.23,2.5,1857.2142857142858
0.231,2.5,1689.4375
0.232,2.5,2465.4375
0.233,2.5,2094.0
0.234,2.5,1568.2142857142858
0.235,2.5,1146.875
0.236,2.5,1790.6190476190477
0.237,2.5,1694.5625
0.238,2.5,1948.25
0.239,2.5,1342.3333333333333
0.24,2.5,2235.75
0.241,2.5,1934.3333333333333
0.242,2.5,2518.6666666666665
0.243,2.5,1674.391304347826
0.244,2.5,1694.6363636363637
0.245,2.5,1427.0
0.246,2.5,2337.909090909091
0.247,2.5,1921.3
0.248,2.5,1776.95
0.249,2.5,1468.2666666666667
0.25,2.5,1718.3529411764705
0.251,2.5,1328.0
0.252,2.5,1741.65
0.253,2.5,1431.0
0.254,2.5,1851.6153846153845
0.255,2.5,1236.409090909091
0.256,2.5,1938.5
0.257,2.5,1833.8064516129032
0.258,2.5,986.1904761904761
0.259,2.5,1985.5625
0.26,2.5,1849.8181818181818
0.261,2.5,1848.4347826086957
0.262,2.5,1491.0
0.263,2.5,1227.6153846153845
0.264,2.5,1781.5294117647059
0.265,2.5,1879.2
0.266,2.5,1129.6923076923076
0.267,2.5,1690.3333333333333
0.268,2.5,1962.25
0.269,2.5,1393.3181818181818
0.27,2.5,1259.9285714285713
0.271,2.5,1819.1538461538462
0.272,2.5,1634.7272727272727
0.273,2.5,1342.7142857142858
0.274,2.5,1813.4545454545455
0.275,2.5,1272.7333333333333
0.276,2.5,1919.9473684210527
0.277,2.5,1167.076923076923
0.278,2.5,1326.5714285714287
0.279,2.5,1260.090909090909
0.28,2.5,1119.05
0.281,2.5,1428.857142857143
0.282,2.5,1639.75
0.283,2.5,1442.5
0.284,2.5,2103.9
0.285,2.5,1591.4285714285713
0.286,2.5,1569.2631578947369
0.287,2.5,1573.7857142857142
0.288,2.5,1717.7
0.289,2.5,1985.111111111111
0.29,2.5,1009.6923076923077
0.291,2.5,1421.0
0.292,2.5,1866.1818181818182
0.293,2.5,2190.7619047619046
0.294,2.5,1691.5454545454545
0.295,2.5,1236.590909090909
0.296,2.5,1845.857142857143
0.297,2.5,1318.923076923077
0.298,2.5,1615.9444444444443
0.299,2.5,934.3571428571429
0.3,2.5,1920.4444444444443
0.301,2.5,1224.6315789473683
0.302,2.5,1998.9
0.303,2.5,1290.75
0.304,2.5,485.7857142857143
0.305,2.5,145.46153846153845
0.306,2.5,1392.1304347826087
0.307,2.5,967.1428571428571
0.308,2.5,1507.9
0.309,2.5,1258.5
0.31,2.5,1300.6153846153845
0.311,2.5,1885.5
0.312,2.5,1103.142857142857
0.313,2.5,821.4375
0.314,2.5,1857.1
0.315,2.5,1402.0
0.316,2.5,1539.764705882353
0.317,2.5,860.5
0.318,2.5,1504.6363636363637
0.319,2.5,1138.5
0.32,2.5,1068.2307692307693
0.321,2.5,1226.3846153846155
0.322,2.5,877.5714285714286
0.323,2.5,1084.2727272727273
0.324,2.5,2236.6666666666665
0.325,2.5,1322.75
0.326,2.5,608.1333333333333
0.327,2.5,2036.0
0.328,2.5,1680.25
0.329,2.5,1754.1666666666667
0.33,2.5,1198.625
0.331,2.5,1955.857142857143
0.332,2.5,591.5454545454545
0.333,2.5,1049.5714285714287
0.334,2.5,1083.3636363636363
0.335,2.5,591.8666666666667
0.336,2.5,654.2222222222222
0.337,2.5,630.4615384615385
0.338,2.5,1106.111111111111
0.339,2.5,980.1176470588235
0.34,2.5,1153.9333333333334
0.341,2.5,927.6875
0.342,2.5,892.3846153846154
0.343,2.5,1166.0
0.344,2.5,797.65
0.345,2.5,1071.8125
0.346,2.5,1055.3333333333333
0.347,2.5,1185.6666666666667
0.348,2.5,958.6153846153846
0.349,2.5,1325.5833333333333
0.35,2.5,572.0
0.351,2.5,2022.5833333333333
0.352,2.5,811.375
0.353,2.5,310.0833333333333
0.354,2.5,1145.4
0.355,2.5,753.9230769230769
0.356,2.5,565.3636363636364
0.357,2.5,491.38461538461536
0.358,2.5,1148.1538461538462
0.359,2.5,1329.4117647058824
0.36,2.5,804.1111111111111
0.361,2.5,844.8333333333334
0.362,2.5,651.8181818181819
0.363,2.5,1305.125
0.364,2.5,822.6363636363636
0.365,2.5,930.0
0.366,2.5,927.5454545454545
0.367,2.5,387.5
0.368,2.5,1091.75
0.369,2.5,820.375
0.37,2.5,1290.0
0.371,2.5,735.5714285714286
0.372,2.5,885.4545454545455
0.373,2.5,1140.0
0.374,2.5,611.125
0.375,2.5,1025.8333333333333
0.376,2.5,632.4166666666666
0.377,2.5,353.46666666666664
0.378,2.5,1598.5
0.379,2.5,1110.5
0.38,2.5,1409.7692307692307
0.381,2.5,682.8571428571429
0.382,2.5,947.2
0.383,2.5,1323.6153846153845
0.384,2.5,678.8571428571429
0.385,2.5,392.57142857142856
0.386,2.5,591.1818181818181
0.387,2.5,397.15384615384613
0.388,2.5,768.6363636363636
0.389,2.5,1184.7142857142858
0.39,2.5,186.0
0.391,2.5,1241.111111111111
0.392,2.5,817.0
0.393,2.5,429.09090909090907
0.394,2.5,685.0625
0.395,2.5,864.8
0.396,2.5,387.5
0.397,2.5,683.8571428571429
0.398,2.5,548.75
0.399,2.5,1674.7857142857142
0.4,2.5,104.66666666666667
